{"skeleton":{"width":673.37,"height":535.87,"fps":15,"hash":" ","name":"Armature"},"bones":[{"name":"root"},{"name":"wing2","parent":"root"},{"name":"bone2","parent":"root"},{"name":"wing","parent":"root"},{"name":"bone4","parent":"root"},{"length":20,"x":14.0099,"y":9.8248,"rotation":-143.6568,"name":"zig","parent":"root"},{"name":"bone","parent":"root"},{"name":"bone5","parent":"root"},{"length":35,"x":75.8,"y":94.1,"rotation":-164.2328,"name":"Layer_28","parent":"root"},{"x":-83.9281,"y":5.0067,"name":"eyes","parent":"root"},{"length":41,"x":80.5,"y":42.05,"rotation":-36.2165,"name":"Layer_36_copy_6","parent":"root"},{"name":"fearther","parent":"root"},{"name":"bone6","parent":"root"},{"name":"bone3","parent":"root"},{"length":26,"x":-15.4,"y":96.65,"rotation":151.5531,"name":"Layer_36_copy_7","parent":"root"},{"length":47,"x":43.9465,"y":-1.4979,"rotation":-1.0175,"name":"Layer_281","parent":"Layer_28"},{"length":59,"x":46.859,"y":2.2758,"rotation":8.6973,"name":"Layer_36_copy_61","parent":"Layer_36_copy_6"},{"length":28,"x":38.9472,"y":-1.2485,"rotation":-10.5141,"name":"Layer_36_copy_71","parent":"Layer_36_copy_7"},{"length":24,"x":25.7854,"y":-0.473,"rotation":-0.9155,"name":"zig1","parent":"zig"},{"x":-37.8894,"y":-123.3011,"name":"bone9","parent":"fearther"},{"x":54.5864,"y":220.9144,"name":"bone7","parent":"fearther"},{"name":"bone10","parent":"fearther"},{"x":-239.538,"y":16.697,"name":"bone8","parent":"fearther"},{"name":"bone11","parent":"fearther"},{"x":60.3844,"y":199.2761,"rotation":-165,"name":"bone1","parent":"bone7"},{"length":35,"x":27.4765,"y":-0.7087,"rotation":-25.4896,"name":"zig2","parent":"zig1"},{"length":22,"x":38.1125,"y":-4.0321,"rotation":-38.0911,"name":"Layer_36_copy_72","parent":"Layer_36_copy_71"},{"length":53,"x":68.3691,"y":-0.1808,"rotation":10.8301,"name":"Layer_36_copy_62","parent":"Layer_36_copy_61"},{"length":85,"x":57.0753,"y":1.1569,"rotation":21.5565,"name":"Layer_282","parent":"Layer_281"},{"length":66,"x":42.291,"y":-0.2526,"rotation":5.3851,"name":"zig3","parent":"zig2"},{"length":19,"x":31.1444,"y":-6.2369,"rotation":-28.203,"name":"Layer_36_copy_73","parent":"Layer_36_copy_72"},{"length":109,"x":92.1806,"y":0.397,"rotation":7.4192,"name":"Layer_283","parent":"Layer_282"},{"length":70,"x":70.7547,"y":0.4376,"rotation":8.2128,"name":"Layer_36_copy_63","parent":"Layer_36_copy_62"},{"length":97,"x":-232.3003,"y":82.3572,"rotation":175.1,"name":"Layer_284","parent":"Layer_283"}],"slots":[{"name":"feathẻ11","bone":"bone10","attachment":"feathẻ1"},{"name":"feathẻ21","bone":"bone11","attachment":"feathẻ2"},{"name":"feathẻ1","bone":"bone7","attachment":"feathẻ1"},{"name":"feathẻ2","bone":"bone8","attachment":"feathẻ2"},{"name":"feathẻ3","bone":"bone9","attachment":"feathẻ3"},{"name":"zig","bone":"zig3","attachment":"zig"},{"name":"đá","bone":"bone5","attachment":"đá"},{"name":"Layer_27_copy","bone":"bone2","attachment":"bird_3/Layer_27_copy"},{"name":"Layer_36_copy_7","bone":"Layer_36_copy_73","attachment":"bird_3/Layer_36_copy_7"},{"name":"eyes5","bone":"bone3","attachment":"eyes5"},{"name":"eye6","bone":"bone","attachment":"eye6"},{"name":"die_eyes1","bone":"bone6","attachment":"die_eyes1"},{"name":"Layer_28","bone":"Layer_284","attachment":"bird_3/Layer_28"},{"name":"Layer_29","bone":"bone4","attachment":"bird_3/Layer_29"},{"name":"Layer_36_copy_6","bone":"Layer_36_copy_63","attachment":"bird_3/Layer_36_copy_6"},{"name":"root","bone":"eyes","attachment":"eyes4"}],"skins":{"default":{"Layer_29":{"bird_3/Layer_29":{"name":"bird_3/Layer_29","width":275,"height":354,"x":158,"y":-91.5}},"feathẻ11":{"feathẻ1":{"name":"feathẻ1","width":77,"height":73}},"Layer_27_copy":{"bird_3/Layer_27_copy":{"name":"bird_3/Layer_27_copy","width":343,"height":130,"x":-133,"y":154.5}},"eye6":{"eye6":{"name":"eye6","width":39,"height":53,"x":-129.06,"y":15.15}},"die_eyes1":{"die_eyes1":{"name":"die_eyes1","width":146,"height":98,"x":-72.08,"y":-6.27}},"eyes5":{"eyes5":{"name":"eyes5","width":108,"height":98,"x":-52.78,"y":-6.76}},"Layer_28":{"bird_3/Layer_28":{"name":"bird_3/Layer_28","width":491,"height":348,"hull":48,"path":"zag","triangles":[13,14,15,16,13,15,19,20,18,18,20,17,20,12,17,17,12,16,12,13,16,52,12,22,26,52,22,22,12,20,21,22,20,32,52,26,23,24,22,24,26,22,29,32,26,25,26,24,52,11,12,51,10,11,52,51,11,27,29,26,31,32,29,30,31,29,28,29,27,50,9,51,32,51,52,51,9,10,50,8,9,32,33,51,33,50,51,34,50,33,50,7,8,34,35,50,49,7,50,35,49,50,49,48,7,5,6,7,48,5,7,35,36,49,36,37,49,37,48,49,38,48,37,48,4,5,38,39,48,48,3,4,39,40,48,44,3,48,44,2,3,40,43,48,43,44,48,44,45,2,41,43,40,42,43,41,45,46,2,47,1,2,46,47,2,47,0,1],"uvs":[-0.00204,1.00417,0.03941,1.00417,0.09867,0.98621,0.18198,0.95057,0.23625,0.94871,0.3334,0.91667,0.37882,0.89698,0.42801,0.80819,0.49114,0.80632,0.54409,0.80632,0.63534,0.72773,0.71375,0.65661,0.78371,0.58161,0.91527,0.58161,1.00204,0.56164,1.00204,0.42759,0.98259,0.37601,0.98259,0.30905,0.98259,0.21408,0.96568,0.14325,0.91527,0.12328,0.87607,0.08003,0.84531,0.06796,0.84247,-0.00431,0.75571,-0.00431,0.7167,0.01681,0.6999,0.08003,0.64939,0.04454,0.60193,0.06423,0.58514,0.13534,0.55143,0.17486,0.54022,0.24985,0.56262,0.31307,0.48422,0.30115,0.41721,0.31696,0.35265,0.37227,0.27709,0.41552,0.21272,0.4671,0.17087,0.50632,0.14277,0.54583,0.10092,0.60532,0.07292,0.625,0.05051,0.65244,0.04755,0.7158,0.05316,0.77112,0.03636,0.80273,0,0.85805,-0.00194,0.94468,0.20692,0.74741,0.35804,0.58161,0.4616,0.56178,0.57078,0.52227,0.63513,0.47098],"edges":[0,2,2,4,4,6,6,8,8,10,10,12,12,14,14,16,16,18,18,20,20,22,22,24,24,26,26,28,28,30,30,32,32,34,34,36,36,38,38,40,40,42,42,44,44,46,46,48,48,50,50,52,52,54,54,56,56,58,58,60,60,62,62,64,64,66,66,68,68,70,70,72,72,74,74,76,76,78,78,80,80,82,82,84,84,86,86,88,88,90,90,92,92,94,94,0],"vertices":[2,31,132.96,4.97,0.970428,28,223.39,22.5,0.029572,2,31,118.26,19.04,0.972872,28,206.99,34.55,0.027128,3,31,92.91,34.64,0.877985,28,179.84,46.74,0.094227,15,207.16,110.71,0.027788,3,31,54.78,53.95,0.645925,28,139.54,60.97,0.280941,15,164.45,109.13,0.073133,4,8,184.49,111.31,0.069572,31,35.07,71.9,0.467499,28,117.68,76.22,0.351385,15,138.52,115.28,0.111544,4,8,135.55,113.54,0.134115,28,72.63,95.48,0.338393,31,-7.11,96.81,0.327388,15,89.55,116.65,0.200104,4,8,112.23,113.01,0.177093,28,50.61,103.16,0.311746,31,-27.96,107.27,0.269977,15,66.24,115.7,0.241184,4,8,80.59,89.83,0.24566,15,35.02,91.97,0.294767,28,12.85,92.56,0.290984,31,-66.77,101.64,0.168589,4,8,50.58,97.63,0.309667,15,4.87,99.23,0.307396,28,-12.52,110.39,0.245217,33,-138.72,-52.28,0.137721,4,8,25.56,104.69,0.314902,15,-20.27,105.85,0.297172,28,-33.47,125.79,0.203723,33,-118.47,-68.58,0.184204,4,8,-24.99,90.55,0.34432,33,-66.42,-75.36,0.301071,15,-70.56,90.81,0.22973,28,-85.77,130.27,0.12488,4,8,-68.76,77.19,0.291875,33,-20.91,-80.21,0.45393,15,-114.09,76.67,0.165076,28,-131.45,133.12,0.089118,3,8,-108.91,61.41,0.254419,33,22.21,-81.42,0.600017,15,-153.95,60.18,0.145564,2,8,-171.08,78.96,0.295105,33,72.54,-121.92,0.704895,1,33,110.09,-143.21,1,1,33,139.33,-106.87,1,1,33,143.15,-86.9,1,1,33,157.76,-68.74,1,1,33,178.48,-43,1,1,33,187.46,-18.59,1,1,33,172.54,2.34,1,1,33,166.98,26.14,1,1,33,157.85,38.88,1,1,33,172.53,59.35,1,1,33,139.34,86.06,1,2,8,-130.66,-136.69,0.201915,33,119.81,92.34,0.798085,3,8,-116.74,-117.76,0.168027,33,99.59,80.37,0.714527,15,-158.6,-119.1,0.117446,3,8,-96.23,-136.38,0.235987,33,88.01,105.54,0.590279,15,-137.76,-137.35,0.173735,3,8,-71.95,-136.12,0.281717,33,65.57,114.81,0.506644,15,-113.48,-136.66,0.211639,4,8,-57.28,-114.55,0.265762,33,43.62,100.7,0.429852,15,-99.2,-114.83,0.1893,28,-187.96,-50.45,0.115086,4,8,-37.62,-105.81,0.295016,33,22.11,100.36,0.369341,15,-79.7,-105.74,0.212185,28,-166.48,-49.17,0.123457,4,8,-25.23,-82.19,0.328539,33,1.46,83.48,0.348458,15,-67.73,-81.9,0.214966,28,-146.6,-31.39,0.108037,4,8,-29.84,-58.02,0.344577,33,-3.76,59.44,0.413505,15,-72.77,-57.83,0.169793,28,-142.44,-7.15,0.072125,4,8,6.08,-72.48,0.356827,15,-36.6,-71.64,0.289637,33,-31.16,86.81,0.220346,28,-113.87,-33.29,0.13319,4,8,39.24,-76.13,0.326278,15,-3.38,-74.7,0.339212,28,-84.1,-48.34,0.201584,33,-60.24,103.16,0.132926,4,8,74.98,-66.22,0.252406,15,32.18,-64.16,0.36688,28,-47.15,-51.6,0.309078,33,-97,108.03,0.071635,4,8,114.77,-61.81,0.14575,28,-8.35,-61.44,0.38616,15,71.89,-59.05,0.361521,31,-107.67,-48.33,0.106569,4,8,150.06,-53.12,0.108079,28,27.75,-65.68,0.402394,15,107.01,-49.73,0.285732,31,-72.43,-57.2,0.203795,4,8,173.55,-45.57,0.085533,28,52.39,-66.85,0.407162,31,-48.14,-61.54,0.298021,15,130.36,-41.77,0.209285,4,8,190.56,-36.09,0.066071,28,71.65,-63.94,0.412166,31,-28.66,-61.15,0.369478,15,147.21,-31.98,0.152285,4,8,215.97,-21.75,0.04763,31,0.5,-60.39,0.433869,28,100.47,-59.42,0.419658,15,172.35,-17.2,0.098843,4,8,231.06,-18.9,0.049377,31,15.17,-64.94,0.454176,28,115.61,-62.05,0.400224,15,187.39,-14.07,0.096224,3,31,29.72,-65.65,0.517265,28,130.13,-60.86,0.388314,15,200.46,-7.64,0.09442,3,31,46.01,-50.71,0.636643,28,144.35,-43.95,0.300211,15,207.48,13.32,0.063146,3,31,57.32,-34.9,0.787915,28,153.53,-26.81,0.177237,15,209.72,32.63,0.034848,3,31,70.89,-32.66,0.846206,28,166.69,-22.83,0.125415,15,220.5,41.17,0.028379,2,31,97.09,-31.08,0.924742,28,192.48,-17.89,0.075258,2,31,118.62,-9.95,0.988121,28,211.09,5.85,0.011879,4,8,179.31,39.98,0.002992,28,87.8,11.24,0.499623,31,-2.94,11.32,0.490395,15,134.61,43.88,0.006989,4,8,92.22,4.61,0.010363,15,48.16,6.97,0.684482,28,-6.16,8.68,0.301647,31,-96.44,20.91,0.003507,4,8,41.41,11.79,0.487603,15,-2.77,13.24,0.479942,28,-51.22,33.23,0.023564,33,-96.67,23.11,0.008891,4,8,-13.91,13.12,0.768903,33,-46.29,0.22,0.1312,15,-58.1,13.59,0.07895,28,-102.56,53.88,0.020947,4,8,-49.17,4.53,0.053942,33,-10.48,-5.69,0.925132,15,-93.21,4.37,0.015105,28,-138.59,58.21,0.005821],"type":"mesh"}},"feathẻ2":{"feathẻ2":{"name":"feathẻ2","width":90,"height":98}},"feathẻ3":{"feathẻ3":{"name":"feathẻ3","width":80,"height":80}},"zig":{"zig":{"name":"zig","width":221,"height":99,"hull":31,"triangles":[12,10,11,33,10,13,14,33,13,13,10,12,33,9,10,33,32,9,32,8,9,15,33,14,15,16,33,16,32,33,17,32,16,32,7,8,18,7,32,18,31,7,31,6,7,17,18,32,19,31,18,31,5,6,20,31,19,21,31,20,22,23,31,23,25,31,35,5,31,22,31,21,25,35,31,35,4,5,24,25,23,34,3,35,27,34,35,26,35,25,35,3,4,26,27,35,34,2,3,29,2,34,28,29,34,27,28,34,29,1,2,30,1,29,30,0,1],"uvs":[0.0009,0.99848,0.05294,0.99848,0.14548,0.91313,0.27647,0.82677,0.38733,0.77222,0.48665,0.73687,0.58597,0.72677,0.68756,0.68586,0.77805,0.65,0.85475,0.54444,0.94955,0.33333,1,0.17222,0.98122,0.06566,0.94729,0.00051,0.85701,0.00051,0.78484,0.00051,0.73959,0.08081,0.68982,0.19596,0.65385,0.26212,0.61765,0.18232,0.58824,0.15707,0.56335,0.11111,0.5362,0.07576,0.50249,0.03485,0.46629,0.00556,0.38733,0.13687,0.28778,0.26212,0.20204,0.42374,0.13869,0.5803,0.07104,0.78232,0.01674,0.90808,0.54761,0.36747,0.71933,0.30181,0.82318,0.16091,0.20666,0.7003,0.38517,0.47353],"edges":[0,2,2,4,4,6,6,8,8,10,10,12,12,14,14,16,16,18,18,20,20,22,22,24,24,26,26,28,28,30,30,32,32,34,34,36,36,38,38,40,40,42,42,44,44,46,46,48,48,50,50,52,52,54,54,56,56,58,58,60,60,0],"vertices":[3,29,127.89,21.64,0.729206,25,167.58,33.3,0.167739,18,193.08,-42.77,0.103055,4,5,208.89,-39.51,0.060975,29,116.79,24.68,0.711938,25,156.25,35.28,0.142388,18,183.7,-36.1,0.0847,4,5,187.41,-34.19,0.036524,29,94.84,21.94,0.812116,25,134.65,30.49,0.098185,18,162.14,-31.14,0.053175,4,5,159.02,-23.93,0.020059,29,64.66,21.34,0.876451,25,104.66,27.06,0.07147,18,133.6,-21.32,0.032021,4,5,136.09,-13.76,0.028848,29,39.6,22.61,0.771369,25,79.6,25.97,0.148014,18,110.5,-11.52,0.051769,4,5,116.34,-3.57,0.038887,29,17.51,25.03,0.576725,25,57.37,26.31,0.302935,18,90.59,-1.65,0.081453,4,5,98.06,8.64,0.05676,25,35.58,29.12,0.412839,29,-3.93,29.87,0.385795,18,72.12,10.26,0.144606,4,5,77.58,18.68,0.093873,25,12.77,29,0.408982,18,51.48,19.98,0.297999,29,-26.65,31.9,0.199147,4,5,59.37,27.67,0.146269,25,-7.55,28.96,0.378252,18,33.13,28.68,0.373975,29,-46.88,33.76,0.101505,4,5,39.52,29.3,0.270089,18,13.26,29.99,0.372309,25,-26.04,21.59,0.292555,29,-65.98,28.16,0.065047,4,5,10.26,24.88,0.496241,18,-15.93,25.1,0.347571,25,-50.29,4.62,0.120449,29,-91.71,13.54,0.035738,4,5,-8.17,18.64,0.710132,18,-34.26,18.57,0.19371,25,-64.02,-9.17,0.070317,29,-106.68,1.1,0.025841,4,5,-11.08,7.68,0.842645,18,-36.99,7.57,0.10745,25,-61.76,-20.28,0.03626,29,-105.47,-10.17,0.013645,4,5,-8.86,-1.96,0.910892,18,-34.62,-2.04,0.06239,25,-55.48,-27.92,0.019451,29,-99.94,-18.37,0.007267,4,5,7.2,-13.78,0.678295,18,-18.37,-13.6,0.246671,25,-35.83,-31.37,0.056814,29,-80.7,-23.65,0.01822,4,5,20.05,-23.23,0.411349,18,-5.37,-22.85,0.403073,25,-20.12,-34.12,0.141536,29,-65.31,-27.86,0.044042,4,5,32.82,-22.76,0.295937,18,7.39,-22.17,0.410835,25,-8.9,-28.01,0.233687,29,-53.57,-22.84,0.059542,4,5,48.43,-20.09,0.118885,25,3.9,-18.68,0.412875,18,22.96,-19.25,0.388743,29,-39.95,-14.75,0.079496,4,5,58.72,-19.53,0.057631,25,12.87,-13.6,0.585629,18,33.23,-18.53,0.25292,29,-30.55,-10.53,0.103821,4,5,60.48,-30.63,0.090537,25,19.38,-22.77,0.450192,18,35.17,-29.6,0.233077,29,-24.92,-20.26,0.226194,4,5,64.24,-36.5,0.088041,25,25.35,-26.35,0.417038,29,-19.31,-24.39,0.299168,18,39.02,-35.41,0.195753,4,5,65.97,-43.42,0.096355,25,29.98,-31.78,0.381473,29,-15.21,-30.24,0.336384,18,40.87,-42.3,0.185788,4,5,68.73,-49.8,0.099399,25,35.29,-36.26,0.366879,29,-10.35,-35.2,0.35853,18,43.73,-48.63,0.175193,4,5,72.33,-57.47,0.104412,29,-4.23,-41.07,0.37005,25,41.93,-41.54,0.355685,18,47.45,-56.25,0.169853,4,5,77.05,-64.55,0.107723,29,2.72,-45.98,0.378154,25,49.31,-45.78,0.347581,18,52.29,-63.25,0.166542,4,5,98.81,-64.42,0.071322,29,22.98,-38.06,0.510303,25,68.74,-35.98,0.303703,18,74.04,-62.77,0.114673,4,5,123.88,-67.47,0.046767,29,47.47,-31.91,0.704737,25,92.55,-27.57,0.176219,18,99.16,-65.42,0.072277,4,5,148.63,-65.81,0.020227,29,69.98,-21.49,0.884272,25,113.98,-15.08,0.065317,18,123.87,-63.37,0.030184,4,5,169.09,-61.62,0.019636,29,87.58,-10.24,0.895787,25,130.44,-2.23,0.05607,18,144.26,-58.85,0.028507,4,5,192.99,-54.37,0.041818,29,107.28,5.1,0.79464,25,148.62,14.89,0.104709,18,168.04,-51.22,0.058832,4,5,210.03,-51.46,0.061553,29,122.15,13.94,0.712867,25,162.59,25.09,0.141098,18,185.04,-48.03,0.084482,4,5,83.81,-25.04,0.006886,25,37.79,-7.38,0.519302,29,-5.15,-6.68,0.455247,18,58.41,-23.64,0.018565,4,5,49.39,-7.79,0.026177,18,23.72,-6.94,0.50323,25,-0.71,-7.24,0.457839,29,-43.47,-2.92,0.012753,4,5,22.64,-5.42,0.475387,18,-3.07,-5,0.502911,25,-25.72,-17.02,0.018178,29,-69.29,-10.31,0.003524,4,5,164.03,-43.15,0.005632,29,76.23,5.19,0.967557,25,117.7,12.07,0.018231,18,138.91,-40.47,0.008579,4,5,118.95,-37.86,0.003147,29,32.25,-6.04,0.969141,25,74.97,-3.24,0.021972,18,93.75,-35.89,0.005741],"type":"mesh"}},"Layer_36_copy_7":{"bird_3/Layer_36_copy_7":{"name":"bird_3/Layer_36_copy_7","width":126,"height":116,"hull":32,"path":"Layer 36 copy 7","triangles":[38,6,7,10,12,9,12,7,9,9,7,8,11,12,10,32,38,12,12,38,7,33,32,12,16,12,13,15,16,13,14,15,13,16,33,12,32,6,38,32,5,6,35,34,33,35,33,16,20,35,16,18,16,17,18,20,16,37,35,20,32,4,5,19,20,18,33,3,32,3,4,32,2,3,33,37,36,35,34,2,33,21,37,20,1,2,34,22,23,21,23,37,21,24,37,23,24,25,37,0,1,34,35,31,34,31,0,34,30,31,35,29,30,35,36,29,35,25,36,37,25,26,36,28,29,36,26,27,36,27,28,36],"uvs":[0.09603,0.75991,0.17738,0.83448,0.2754,0.92802,0.39563,1,0.51746,1,0.60397,1,0.77143,0.91422,0.89841,0.81509,1,0.74612,1,0.6,0.98492,0.45647,0.93889,0.41509,0.83492,0.46466,0.85794,0.38448,0.84921,0.27155,0.74603,0.26897,0.6873,0.30733,0.69286,0.22759,0.63929,0.15862,0.56587,0.11422,0.50675,0.14741,0.47183,0.08966,0.43611,0.02069,0.3627,0,0.27103,0,0.15437,0.07284,0.04722,0.13621,0,0.20819,0,0.3681,0,0.52802,0.00198,0.61638,0.04246,0.69655,0.58333,0.77371,0.5377,0.70172,0.34722,0.575,0.32698,0.50603,0.25317,0.30733,0.32183,0.21379,0.79683,0.85905],"edges":[0,2,2,4,4,6,6,8,8,10,10,12,12,14,14,16,16,18,18,20,20,22,22,24,24,26,26,28,28,30,30,32,32,34,34,36,36,38,38,40,40,42,42,44,44,46,46,48,48,50,50,52,52,54,54,56,56,58,58,60,60,62,62,0],"vertices":[4,14,79.98,26.61,0.142182,17,35.26,34.88,0.405727,26,-26.25,28.87,0.33831,30,-67.17,3.81,0.11378,4,14,66.85,29.33,0.203205,17,21.85,35.16,0.415699,26,-36.98,20.81,0.285433,30,-72.82,-8.35,0.095663,4,14,50.82,32.99,0.311083,17,5.43,35.83,0.41299,26,-50.32,11.21,0.199527,30,-80.04,-23.12,0.0764,4,14,33.52,33.12,0.418911,17,-11.6,32.8,0.399153,26,-61.85,-1.68,0.126202,30,-84.11,-39.94,0.055733,4,14,20.03,25.8,0.546917,17,-23.54,23.15,0.334149,26,-65.29,-16.64,0.080223,30,-80.07,-54.75,0.038711,4,14,10.44,20.61,0.689403,17,-32.02,16.29,0.226987,26,-67.73,-27.27,0.054945,30,-77.2,-65.26,0.028665,4,14,-3.37,1.81,0.988362,17,-42.17,-4.71,0.008043,26,-62.76,-50.06,0.002247,30,-62.05,-83,0.001348,4,14,-11.96,-15.92,0.814394,17,-47.38,-23.71,0.115041,26,-55.14,-68.23,0.041959,30,-46.74,-95.41,0.028606,4,14,-19.4,-29.05,0.6574,17,-52.3,-37.98,0.192047,26,-50.21,-82.5,0.086026,30,-35.66,-105.65,0.064527,4,14,-11.33,-43.95,0.524196,17,-41.64,-51.16,0.24819,26,-33.69,-86.29,0.12585,30,-19.3,-101.19,0.101765,4,14,-1.73,-57.69,0.404875,17,-29.69,-62.92,0.27864,26,-17.04,-88.17,0.167222,30,-3.74,-94.98,0.149262,4,14,5.66,-59.15,0.366738,17,-22.17,-63,0.287633,26,-11.06,-83.6,0.180425,30,-0.64,-88.12,0.165204,4,14,14.44,-47.85,0.375683,17,-15.6,-50.29,0.310256,26,-13.73,-69.54,0.171199,30,-9.63,-77,0.142861,4,14,16.32,-57.41,0.328791,17,-12,-59.35,0.295577,26,-5.32,-74.45,0.194503,30,0.11,-77.35,0.181129,4,14,23.52,-68.4,0.272415,17,-2.91,-68.84,0.268477,30,12.45,-72.84,0.240245,26,7.7,-76.31,0.218863,4,14,35.1,-62.47,0.240631,30,9.32,-60.22,0.264491,17,7.39,-60.9,0.258599,26,10.9,-63.71,0.236279,4,14,39.48,-55.04,0.233341,17,10.34,-52.79,0.268877,30,3.08,-54.25,0.254574,26,8.22,-55.5,0.243208,4,14,43.27,-63.5,0.198634,30,12.19,-52.49,0.312228,26,17.08,-58.26,0.253477,17,15.61,-60.42,0.235661,4,14,53.02,-67.32,0.144644,30,18.13,-43.87,0.395419,26,26.39,-53.47,0.264429,17,25.89,-62.4,0.195508,4,14,63.61,-67.44,0.094695,30,20.67,-33.6,0.499068,26,33.48,-45.61,0.255248,17,36.32,-60.58,0.150988,4,14,68.32,-60.51,0.072677,30,14.99,-27.42,0.527038,26,31.4,-37.49,0.265306,17,39.7,-52.91,0.134979,4,14,75.38,-64.31,0.046279,30,20.3,-21.41,0.661065,26,38.91,-34.7,0.204146,17,47.33,-55.35,0.08851,4,14,83.15,-69.2,0.027864,30,26.83,-14.97,0.78643,26,47.72,-32.11,0.132608,17,55.86,-58.74,0.053098,4,14,92.43,-66.9,0.009158,30,26.72,-5.41,0.916568,26,52.13,-23.63,0.055513,17,64.56,-54.79,0.018761,4,14,102.58,-61.4,0.005343,30,23.68,5.73,0.940712,26,54.72,-12.38,0.042066,17,73.54,-47.53,0.011879,4,14,111.48,-46.97,0.021699,30,11.66,17.69,0.659615,26,49.78,3.84,0.262511,17,79.66,-31.71,0.056176,4,14,119.85,-34.07,0.03733,30,1.01,28.78,0.449273,26,45.64,18.65,0.41051,17,85.54,-17.51,0.102888,4,14,121.11,-23.9,0.044707,26,38.83,26.32,0.44048,30,-8.61,32.32,0.384216,17,84.91,-7.28,0.130597,4,14,112.27,-7.59,0.056172,26,20.76,30.47,0.453646,30,-26.5,27.44,0.289422,17,73.25,7.15,0.200761,4,14,103.43,8.72,0.081154,26,2.68,34.63,0.410892,17,61.58,21.57,0.309296,30,-44.4,22.56,0.198658,4,14,98.33,17.62,0.09889,26,-7.37,36.68,0.391482,17,54.94,29.38,0.344815,30,-54.22,19.62,0.164813,4,14,89.42,23.36,0.117141,17,45.13,33.41,0.37957,26,-17.57,33.8,0.368725,30,-61.85,12.26,0.134564,4,14,25.23,-1.23,0.991221,17,-13.49,-2.48,0.007963,26,-41.57,-30.61,0.000562,30,-52.56,-55.85,0.000255,4,14,34.27,-5.83,0.2886,17,-3.77,-5.36,0.687914,26,-32.14,-26.88,0.016821,30,-46.01,-48.1,0.006665,4,14,62.37,-7.32,0.002063,17,24.14,-1.7,0.982292,26,-12.44,-6.79,0.01415,30,-38.15,-21.08,0.001495,4,14,68.42,-13.14,0.012673,17,31.15,-6.32,0.501523,26,-4.07,-6.09,0.465645,30,-31.1,-16.51,0.020159,4,14,87.58,-28.98,0.000997,26,20.48,-2.19,0.958693,30,-11.31,-1.48,0.035487,17,52.88,-18.39,0.004823,4,14,85.14,-42.64,0.007261,30,1.43,-6.97,0.794951,26,29.11,-13.06,0.174603,17,52.97,-32.27,0.023184,4,14,-3.14,-5.34,0.969612,17,-40.63,-11.7,0.020789,26,-57.24,-54.61,0.005938,30,-55.03,-84.4,0.003661],"type":"mesh"}},"đá":{"đá":{"name":"đá","width":50,"height":53,"x":-92.67,"y":-60.89}},"feathẻ21":{"feathẻ2":{"name":"feathẻ2","width":90,"height":98}},"Layer_36_copy_6":{"bird_3/Layer_36_copy_6":{"name":"bird_3/Layer_36_copy_6","width":298,"height":139,"hull":48,"path":"Layer 36 copy 6","triangles":[9,10,11,12,9,11,14,9,13,13,9,12,17,14,16,18,19,14,8,9,14,51,8,14,18,14,17,19,51,14,20,51,19,21,51,20,25,23,24,25,22,23,26,22,25,27,21,26,26,21,22,51,7,8,28,29,21,29,50,21,50,51,21,27,28,21,50,7,51,32,30,31,33,30,32,53,50,29,33,34,30,34,29,30,6,7,50,35,36,29,36,53,29,34,35,29,53,6,50,49,53,36,53,5,6,39,37,38,41,49,36,39,40,37,40,36,37,49,5,53,40,41,36,4,5,49,52,49,41,43,52,41,43,41,42,3,4,49,52,3,49,44,48,52,44,52,43,2,3,52,48,2,52,47,1,45,1,2,48,45,1,48,45,48,44,47,0,1,46,47,45,16,14,15],"uvs":[0,0.52086,0.04715,0.61906,0.12651,0.7536,0.2057,0.82122,0.32181,0.93129,0.42131,0.99496,0.49698,0.99964,0.62416,0.99964,0.76426,0.99964,0.88591,0.99964,1,0.95647,1,0.84676,0.97282,0.77014,0.91779,0.71547,0.89228,0.71547,0.9396,0.68237,0.9396,0.6277,0.89614,0.54532,0.8552,0.49892,0.81812,0.4741,0.79128,0.46871,0.76443,0.46871,0.79631,0.43561,0.83339,0.42518,0.84883,0.4,0.82701,0.33993,0.78993,0.27662,0.74262,0.25468,0.69664,0.25468,0.65067,0.26835,0.68255,0.20863,0.71963,0.14784,0.7146,0.11223,0.67232,0.08741,0.62383,0.08741,0.56879,0.10396,0.52399,0.15324,0.54195,0.09317,0.56359,0.0464,0.54195,0.01906,0.49329,0.02734,0.44094,0.06835,0.44983,0,0.35906,0,0.19933,0.0795,0.07903,0.20576,0.01124,0.29317,0,0.40827,0.19664,0.28201,0.42047,0.54532,0.64044,0.72338,0.71963,0.77014,0.29765,0.38633,0.4844,0.57266],"edges":[0,2,2,4,4,6,6,8,8,10,10,12,12,14,14,16,16,18,18,20,20,22,22,24,24,26,26,28,28,30,30,32,32,34,34,36,36,38,38,40,40,42,42,44,44,46,46,48,48,50,50,52,52,54,54,56,56,58,58,60,60,62,62,64,64,66,66,68,68,70,70,72,72,74,74,76,76,78,78,80,80,82,82,84,84,86,86,88,88,90,90,92,92,94,94,0],"vertices":[3,10,-8.88,-57.26,0.59806,16,-64.1,-50.42,0.301897,27,-139.55,-24.46,0.100043,4,10,10.52,-59.97,0.497485,16,-45.34,-56.04,0.344392,27,-122.18,-33.5,0.111493,32,-195.8,-6.03,0.04663,4,10,40.65,-61.09,0.41805,16,-15.72,-61.7,0.38486,27,-94.15,-44.62,0.143709,32,-169.65,-21.04,0.053381,4,10,65.24,-54.73,0.3695,16,9.55,-59.13,0.378658,27,-68.85,-46.84,0.190905,32,-144.92,-26.86,0.060937,4,10,102.19,-46.63,0.203332,16,47.3,-56.71,0.374235,27,-31.31,-51.56,0.330712,32,-108.45,-36.89,0.091721,4,10,131.35,-36.25,0.110886,27,-0.37,-51.53,0.395765,16,77.69,-50.86,0.357915,32,-77.82,-41.27,0.135433,4,10,149.92,-23.45,0.073802,27,21.42,-45.67,0.439199,16,97.99,-41.02,0.286095,32,-55.42,-38.59,0.200905,4,10,180.5,-1.06,0.029476,27,57.72,-34.79,0.4654,32,-17.93,-33,0.406615,16,131.6,-23.5,0.098509,4,10,214.18,23.61,0.017229,32,23.36,-26.85,0.730103,27,97.71,-22.8,0.208937,16,168.63,-4.21,0.043731,3,32,59.22,-21.51,0.913751,27,132.44,-12.39,0.065386,16,200.77,12.54,0.020863,3,32,91.96,-10.56,0.93567,27,163.28,3.12,0.045648,16,228.16,33.57,0.018682,3,32,89.71,4.52,0.952531,27,158.9,17.73,0.033796,16,221.11,47.09,0.013673,3,32,80.13,13.86,0.959633,27,148.08,25.61,0.029178,16,209,52.79,0.011188,3,32,62.79,18.96,0.933593,27,130.19,28.18,0.049714,16,190.95,51.96,0.016693,4,10,221.62,78.02,0.007593,32,55.27,17.84,0.92327,27,122.91,25.99,0.052831,16,184.21,48.44,0.016307,3,32,68.54,24.47,0.906683,27,135.1,34.45,0.068492,16,194.59,59.04,0.024825,3,32,67.42,31.99,0.852597,27,132.92,41.73,0.107333,16,191.08,65.78,0.04007,4,10,208.58,97.78,0.032468,32,52.93,41.4,0.71297,27,117.22,48.98,0.187361,16,174.3,69.95,0.067201,4,10,194.92,95.77,0.040033,32,39.91,45.98,0.622204,27,103.68,51.65,0.251244,16,160.5,70.03,0.086519,4,10,183.97,92.03,0.043852,32,28.47,47.77,0.555592,27,92.11,51.78,0.301059,16,149.11,67.99,0.099497,4,10,177.07,87.91,0.044255,32,20.45,47.33,0.518437,27,84.23,50.2,0.332231,16,141.67,64.96,0.105077,4,10,170.62,83.18,0.043546,32,12.53,46.15,0.484942,27,76.57,47.91,0.362368,16,134.57,61.26,0.109145,4,10,175.57,92.5,0.05057,32,21.25,52.1,0.496739,27,84.35,55.04,0.336094,16,140.87,69.73,0.116598,4,10,183.62,100.2,0.052907,32,31.97,55.16,0.528219,27,94.51,59.6,0.304671,16,150,76.12,0.114203,4,10,185.27,105.74,0.057522,32,36,59.3,0.523293,27,97.92,64.28,0.29931,16,152.46,81.35,0.119874,4,10,175.09,108.64,0.068818,32,28.34,66.61,0.462014,27,89.29,70.41,0.326661,16,142.84,85.75,0.142507,4,10,160.98,109.21,0.082502,32,16.12,73.68,0.400011,27,76.18,75.66,0.346764,16,128.97,88.45,0.170723,4,10,147.8,103.34,0.090663,32,1.72,74.62,0.359614,27,61.8,74.54,0.355452,16,115.06,84.64,0.194271,4,10,136.75,95.25,0.097156,27,48.67,70.6,0.355495,32,-11.83,72.6,0.327511,16,102.91,78.31,0.219838,4,10,126.81,85.62,0.103225,27,36.1,64.85,0.360707,32,-25.1,68.7,0.283537,16,91.64,70.29,0.252531,4,10,129.58,97.93,0.112098,27,42.81,75.53,0.342638,32,-16.93,78.31,0.304485,16,96.23,82.05,0.240779,4,10,133.5,111.27,0.119294,27,50.97,86.79,0.331567,32,-7.24,88.3,0.318235,16,102.12,94.64,0.230903,4,10,129.36,114.38,0.128714,27,48.11,91.1,0.323973,32,-9.46,92.97,0.307907,16,98.51,98.34,0.239407,4,10,117.16,109.72,0.145663,27,35.05,90.79,0.315233,32,-22.43,94.53,0.275311,16,85.74,95.58,0.263793,4,10,105.5,101.18,0.16253,27,21.21,86.64,0.311745,16,72.92,88.9,0.288997,32,-36.72,92.4,0.236728,4,10,93.63,89.64,0.183434,16,59.44,79.29,0.315276,27,6.16,79.73,0.311794,32,-52.6,87.7,0.189496,4,10,86.9,76.22,0.1938,16,50.77,67.04,0.341378,27,-4.66,69.33,0.317759,32,-64.8,78.96,0.147063,4,10,86.29,86.12,0.202042,16,51.65,76.92,0.323312,27,-1.93,78.87,0.307352,32,-60.74,88.01,0.167294,4,10,87.65,95.18,0.202381,16,54.37,85.66,0.309842,27,2.38,86.95,0.300772,32,-55.31,95.39,0.187005,4,10,80.2,94.43,0.221791,16,46.9,86.05,0.313103,27,-4.89,88.73,0.293586,32,-62.25,98.2,0.17152,4,10,69.18,84.94,0.253786,16,34.57,78.33,0.331217,27,-18.45,83.47,0.278141,32,-76.43,94.92,0.136855,4,10,59.96,71.12,0.291759,16,23.37,66.07,0.362094,27,-31.75,73.53,0.246419,32,-91.02,86.98,0.099728,4,10,56.49,80.35,0.294825,16,21.33,75.72,0.344318,27,-31.94,83.39,0.247577,32,-89.79,96.77,0.11328,4,10,34.67,64.37,0.373345,16,-2.66,63.22,0.386318,27,-57.85,75.62,0.170634,32,-116.55,92.78,0.069703,4,10,2.79,27.33,0.728347,16,-39.77,31.43,0.211712,27,-100.28,51.37,0.042858,32,-162,74.84,0.017083,3,10,-15.76,-8.01,0.912728,16,-63.46,-0.7,0.070853,27,-129.58,24.26,0.016419,3,10,-24.88,-29.75,0.760671,16,-75.76,-20.81,0.185358,27,-145.44,6.82,0.05397,3,10,-18.13,-44.64,0.679036,16,-71.34,-36.55,0.245334,27,-144.05,-9.47,0.07563,4,10,18.78,4.15,0.976376,16,-27.47,6.1,0.021192,27,-92.96,24.17,0.001819,32,-158.64,46.88,0.000613,4,10,94.22,14.03,0.006198,16,48.59,4.45,0.945986,27,-18.56,8.27,0.045481,32,-87.28,20.51,0.002335,4,10,161.72,32.79,0.000709,27,51.34,3.39,0.967491,32,-18.79,5.69,0.028771,16,118.16,12.79,0.003029,4,10,184.61,41.49,0.000331,32,5.51,2.74,0.984833,27,75.81,3.94,0.013812,16,142.09,17.93,0.001024,4,10,51.63,10.23,0.187481,16,5.92,7.14,0.799855,27,-59.96,18.93,0.010323,32,-126.73,36.97,0.002342,4,10,111.83,22.22,0.011187,27,0.78,10.1,0.604286,16,67.24,9.89,0.372172,32,-67.87,19.56,0.012355],"type":"mesh"}},"root":{"eyes4":{"name":"eyes4","width":133,"height":79},"eyes3":{"name":"eyes3","width":133,"height":79},"eyes2":{"name":"eyes2","width":135,"height":79},"eyes1":{"name":"eyes1","width":135,"height":79}},"feathẻ1":{"feathẻ1":{"name":"feathẻ1","width":77,"height":73}}}},"animations":{"die":{"bones":{"root":{"translate":[{"time":0,"curve":"stepped"},{"time":1.4667},{"time":2.2667,"y":-268.82}],"rotate":[{"time":0,"curve":"stepped","angle":0},{"time":1.4667,"angle":0},{"time":2.2667,"angle":-180},{"time":2.6667,"angle":0}],"shear":[{"time":0,"curve":"stepped"},{"time":1.4667},{"time":2.2667},{"time":2.6667}]},"Layer_36_copy_6":{"rotate":[{"time":0,"angle":0},{"time":1.0667,"angle":15},{"time":2,"angle":26}],"shear":[{"time":0},{"time":1.0667},{"time":2}]},"Layer_36_copy_61":{"rotate":[{"time":0,"angle":0},{"time":1.0667,"angle":-29.7},{"time":2,"angle":0}],"scale":[{"time":0,"x":1,"y":1},{"time":1.0667,"x":1.15,"y":1.2},{"time":2,"x":1,"y":1}],"shear":[{"time":0},{"time":1.0667},{"time":2}]},"Layer_36_copy_62":{"rotate":[{"time":0,"angle":0},{"time":1.0667,"angle":-31.83},{"time":2,"angle":0}],"scale":[{"time":0,"x":1,"y":1},{"time":1.0667,"x":1.15,"y":1.2},{"time":2,"x":1,"y":1}],"shear":[{"time":0},{"time":1.0667},{"time":2}]},"Layer_36_copy_63":{"rotate":[{"time":0,"angle":0},{"time":1.0667,"angle":-29.21},{"time":2,"angle":0}],"scale":[{"time":0,"x":1,"y":1},{"time":1.0667,"x":1.15,"y":1.2},{"time":2,"x":1,"y":1}],"shear":[{"time":0},{"time":1.0667},{"time":2}]},"Layer_36_copy_7":{"translate":[{"time":0},{"time":1.0667,"x":18.79,"y":-13.6},{"time":2}],"rotate":[{"time":0,"angle":0},{"time":1.0667,"angle":-11},{"time":2,"angle":-65}],"shear":[{"time":0},{"time":1.0667},{"time":2}]},"Layer_36_copy_71":{"rotate":[{"time":0,"angle":0},{"time":1.0667,"angle":23.51},{"time":2,"angle":0}],"scale":[{"time":0,"x":1,"y":1},{"time":1.0667,"x":1.25,"y":1.1},{"time":2,"x":1,"y":1}],"shear":[{"time":0},{"time":1.0667},{"time":2}]},"Layer_36_copy_72":{"rotate":[{"time":0,"angle":0},{"time":1.0667,"angle":51.09},{"time":2,"angle":0}],"scale":[{"time":0,"x":1,"y":1},{"time":1.0667,"x":1.25,"y":1.1},{"time":2,"x":1,"y":1}],"shear":[{"time":0},{"time":1.0667},{"time":2}]},"Layer_36_copy_73":{"rotate":[{"time":0,"angle":0},{"time":1.0667,"angle":41.2},{"time":2,"angle":0}],"scale":[{"time":0,"x":1,"y":1},{"time":1.0667,"x":1.25,"y":1.1},{"time":2,"x":1,"y":1}],"shear":[{"time":0},{"time":1.0667},{"time":2}]},"Layer_281":{"translate":[{"time":0},{"time":1.0667,"x":-7.36,"y":-0.78},{"time":2}],"scale":[{"time":0,"x":1,"y":1},{"time":1,"x":1,"y":1.1},{"time":2,"x":1,"y":1}]},"Layer_284":{"rotate":[{"time":0,"angle":0},{"time":2,"angle":-49}],"scale":[{"time":0,"x":1,"y":1},{"time":1.0667,"x":0.95,"y":1.25},{"time":2,"x":1,"y":1}],"shear":[{"time":0},{"time":2}]},"zig3":{"rotate":[{"time":0,"angle":0},{"time":1.0667,"angle":12}],"scale":[{"time":0,"x":1,"y":1},{"time":1.0667,"x":0.9,"y":1.4},{"time":2,"x":1,"y":1}],"shear":[{"time":0},{"time":1.0667}]},"eyes":{"translate":[{"time":0},{"time":0.4667,"x":3.17},{"time":1,"x":6.35},{"time":1.3333,"x":5.19},{"time":2}]},"bone":{"translate":[{"time":0},{"time":1,"x":-6.06,"y":3.48},{"time":2}],"scale":[{"time":0,"x":1,"y":1},{"time":1,"x":0.9,"y":0.9},{"time":2,"x":1,"y":1}]},"bone3":{"translate":[{"time":0},{"time":1,"x":-2.96},{"time":2}],"scale":[{"time":0,"x":1,"y":1},{"time":1,"x":0.9,"y":0.9},{"time":2,"x":1,"y":1}]},"bone5":{"translate":[{"time":0},{"time":1,"x":8.06,"y":10.3},{"time":2}]},"bone6":{"translate":[{"time":0,"x":-4.37,"y":0.49},{"time":1,"x":6.31,"y":2.43},{"time":2,"x":-4.37,"y":0.49}]},"bone7":{"translate":[{"time":0,"x":-49.45,"y":-148.6},{"time":1,"y":-181.8},{"time":1.5333}],"rotate":[{"time":0,"curve":"stepped","angle":0},{"time":1.5333,"angle":-180}],"scale":[{"time":0,"curve":"stepped","x":1,"y":1},{"time":1.3333,"x":0.55,"y":0.6},{"time":1.5333,"x":1,"y":1}],"shear":[{"time":0,"curve":"stepped"},{"time":1.5333}]},"bone8":{"translate":[{"time":0,"x":224.13},{"time":1,"x":219.05},{"time":1.5333}],"rotate":[{"time":0,"curve":"stepped","angle":0},{"time":1.5333,"angle":-180}],"scale":[{"time":0,"curve":"stepped","x":1,"y":1},{"time":1.2667,"x":0.8,"y":0.6},{"time":1.5334,"x":1,"y":1}],"shear":[{"time":0,"curve":"stepped"},{"time":1.5333}]},"bone9":{"translate":[{"time":0,"y":159.84},{"time":1,"x":24.47,"y":143.14},{"time":1.4667,"x":-74.14,"y":249.48},{"time":1.5334}],"rotate":[{"time":0,"curve":"stepped","angle":0},{"time":1.5333,"angle":-175}],"scale":[{"time":0,"curve":"stepped","x":1,"y":1},{"time":1.2667,"x":0.75,"y":0.7},{"time":1.5334,"x":1,"y":1}],"shear":[{"time":0,"curve":"stepped"},{"time":1.5333}]},"bone10":{"translate":[{"time":0,"x":-18.6,"y":40.25},{"time":0.9333,"x":-18.6,"y":40.25},{"time":1.4666,"x":349.59,"y":70.1}]},"bone11":{"translate":[{"time":0,"x":-18.6,"y":40.25},{"time":0.9333,"x":-18.6,"y":40.25},{"time":1.4666,"x":87.09,"y":-55.36}]}},"slots":{"Layer_27_copy":{"color":[{"time":0,"color":"FFFFFF00"}]},"Layer_36_copy_7":{"color":[{"time":0,"curve":"stepped","color":"FFFFFFFF"},{"time":1.4667,"color":"FFFFFFFF"},{"time":2.2667,"color":"FFFFFF00"}]},"Layer_28":{"color":[{"time":0,"curve":"stepped","color":"FFFFFFFF"},{"time":1.4667,"color":"FFFFFFFF"},{"time":2.2667,"color":"FFFFFF00"}]},"Layer_29":{"color":[{"time":0,"color":"FFFFFF00"}]},"Layer_36_copy_6":{"color":[{"time":0,"curve":"stepped","color":"FFFFFFFF"},{"time":1.4667,"color":"FFFFFFFF"},{"time":2.2667,"color":"FFFFFF00"}]},"zig":{"color":[{"time":0,"curve":"stepped","color":"FFFFFFFF"},{"time":1.4667,"color":"FFFFFFFF"},{"time":2.2667,"color":"FFFFFF00"}]},"root":{"attachment":[{"time":0,"name":""},{"time":0.0667,"name":"eyes4"},{"time":0.1334,"name":"eyes3"},{"time":0.2001,"name":"eyes2"},{"time":0.2668,"name":"eyes1"},{"time":0.3335,"name":"eyes2"},{"time":0.4002,"name":"eyes3"},{"time":0.4669,"name":"eyes4"},{"time":0.5336,"name":""}]},"eyes5":{"color":[{"time":0,"curve":"stepped","color":"FFFFFFFF"},{"time":0.8667,"color":"FFFFFFFF"},{"time":1,"color":"FFFFFF00"}]},"eye6":{"color":[{"time":0,"curve":"stepped","color":"FFFFFFFF"},{"time":0.8667,"color":"FFFFFFFF"},{"time":1,"color":"FFFFFF00"}]},"die_eyes1":{"color":[{"time":0,"color":"FFFFFF00"},{"time":0.8667,"color":"FFFFFF00"},{"time":1,"color":"FFFFFFFF"},{"time":1.4667,"color":"FFFFFFFF"},{"time":2.2667,"color":"FFFFFF00"}]},"đá":{"color":[{"time":0,"color":"FFFFFF00"},{"time":0.8667,"color":"FFFFFF00"},{"time":1,"color":"FFFFFFFF"},{"time":1.4667,"color":"FFFFFFFF"},{"time":2,"color":"FFFFFF00"}]},"feathẻ1":{"color":[{"time":0,"curve":"stepped","color":"FFFFFFFF"},{"time":1,"color":"FFFFFFFF"},{"time":1.6,"color":"FFFFFF00"}]},"feathẻ2":{"color":[{"time":0,"curve":"stepped","color":"FFFFFFFF"},{"time":1,"color":"FFFFFFFF"},{"time":1.6,"color":"FFFFFF00"}]},"feathẻ3":{"color":[{"time":0,"curve":"stepped","color":"FFFFFFFF"},{"time":1,"color":"FFFFFFFF"},{"time":1.6,"color":"FFFFFF00"}]},"feathẻ11":{"color":[{"time":0,"curve":"stepped","color":"FFFFFFFF"},{"time":0.8667,"color":"FFFFFFFF"},{"time":1.4667,"color":"FFFFFF00"}]},"feathẻ21":{"color":[{"time":0,"curve":"stepped","color":"FFFFFFFF"},{"time":0.8667,"color":"FFFFFFFF"},{"time":1.4667,"color":"FFFFFF00"}]}}},"fly":{"bones":{"Layer_36_copy_6":{"rotate":[{"time":0,"angle":0},{"time":1.0667,"angle":15},{"time":2,"angle":0}],"shear":[{"time":0},{"time":1.0667},{"time":2}]},"Layer_36_copy_61":{"rotate":[{"time":0,"angle":0},{"time":1.0667,"angle":-29.7},{"time":2,"angle":0}],"scale":[{"time":0,"x":1,"y":1},{"time":1.0667,"x":1.15,"y":1.2},{"time":2,"x":1,"y":1}],"shear":[{"time":0},{"time":1.0667},{"time":2}]},"Layer_36_copy_62":{"rotate":[{"time":0,"angle":0},{"time":1.0667,"angle":-31.83},{"time":2,"angle":0}],"scale":[{"time":0,"x":1,"y":1},{"time":1.0667,"x":1.15,"y":1.2},{"time":2,"x":1,"y":1}],"shear":[{"time":0},{"time":1.0667},{"time":2}]},"Layer_36_copy_63":{"rotate":[{"time":0,"angle":0},{"time":1.0667,"angle":-29.21},{"time":2,"angle":0}],"scale":[{"time":0,"x":1,"y":1},{"time":1.0667,"x":1.15,"y":1.2},{"time":2,"x":1,"y":1}],"shear":[{"time":0},{"time":1.0667},{"time":2}]},"Layer_36_copy_7":{"translate":[{"time":0},{"time":1.0667,"x":18.79,"y":-13.6},{"time":2}],"rotate":[{"time":0,"angle":0},{"time":1.0667,"angle":-11},{"time":2,"angle":0}],"shear":[{"time":0},{"time":1.0667},{"time":2}]},"Layer_36_copy_71":{"rotate":[{"time":0,"angle":0},{"time":1.0667,"angle":23.51},{"time":2,"angle":0}],"scale":[{"time":0,"x":1,"y":1},{"time":1.0667,"x":1.25,"y":1.1},{"time":2,"x":1,"y":1}],"shear":[{"time":0},{"time":1.0667},{"time":2}]},"Layer_36_copy_72":{"rotate":[{"time":0,"angle":0},{"time":1.0667,"angle":51.09},{"time":2,"angle":0}],"scale":[{"time":0,"x":1,"y":1},{"time":1.0667,"x":1.25,"y":1.1},{"time":2,"x":1,"y":1}],"shear":[{"time":0},{"time":1.0667},{"time":2}]},"Layer_36_copy_73":{"rotate":[{"time":0,"angle":0},{"time":1.0667,"angle":41.2},{"time":2,"angle":0}],"scale":[{"time":0,"x":1,"y":1},{"time":1.0667,"x":1.25,"y":1.1},{"time":2,"x":1,"y":1}],"shear":[{"time":0},{"time":1.0667},{"time":2}]},"Layer_281":{"translate":[{"time":0},{"time":1.0667,"x":-7.36,"y":-0.78},{"time":2}]},"Layer_284":{"scale":[{"time":0,"x":1,"y":1},{"time":1.0667,"x":0.95,"y":1.25},{"time":2,"x":1,"y":1}]},"zig3":{"rotate":[{"time":0,"angle":0},{"time":1.0667,"angle":12},{"time":2,"angle":0}],"scale":[{"time":0,"x":1,"y":1},{"time":1.0667,"x":0.9,"y":1.4},{"time":2,"x":1,"y":1}],"shear":[{"time":0},{"time":1.0667},{"time":2}]},"eyes":{"translate":[{"time":0},{"time":0.4667,"x":3.17},{"time":1,"x":6.35},{"time":1.3333,"x":5.19}]},"bone":{"translate":[{"time":0},{"time":1,"x":-6.06,"y":3.48},{"time":2}],"scale":[{"time":0,"x":1,"y":1},{"time":1,"x":0.9,"y":0.9},{"time":2,"x":1,"y":1}]},"bone3":{"translate":[{"time":0},{"time":1,"x":-2.96},{"time":2}],"scale":[{"time":0,"x":1,"y":1},{"time":1,"x":0.9,"y":0.9},{"time":2,"x":1,"y":1}]}},"slots":{"Layer_27_copy":{"color":[{"time":0,"color":"FFFFFF00"}]},"Layer_29":{"color":[{"time":0,"color":"FFFFFF00"}]},"root":{"attachment":[{"time":0,"name":""},{"time":0.0667,"name":"eyes4"},{"time":0.1334,"name":"eyes3"},{"time":0.2001,"name":"eyes2"},{"time":0.2668,"name":"eyes1"},{"time":0.3335,"name":"eyes2"},{"time":0.4002,"name":"eyes3"},{"time":0.4669,"name":"eyes4"},{"time":0.5336,"name":""},{"time":1.0003,"name":"eyes4"},{"time":1.067,"name":"eyes3"},{"time":1.1337,"name":"eyes2"},{"time":1.2004,"name":"eyes1"},{"time":1.2671,"name":"eyes2"},{"time":1.3338,"name":"eyes3"},{"time":1.4005,"name":"eyes4"},{"time":1.4672,"name":""}]},"die_eyes1":{"color":[{"time":0,"color":"FFFFFF00"}]},"đá":{"color":[{"time":0,"color":"FFFFFF00"}]},"feathẻ1":{"color":[{"time":0,"color":"FFFFFF00"}]},"feathẻ2":{"color":[{"time":0,"color":"FFFFFF00"}]},"feathẻ3":{"color":[{"time":0,"color":"FFFFFF00"}]},"feathẻ11":{"color":[{"time":0,"color":"FFFFFF00"}]},"feathẻ21":{"color":[{"time":0,"color":"FFFFFF00"}]}}}}}