{"skeleton":{"width":500,"height":500,"fps":24,"hash":" ","name":"Armature"},"bones":[{"name":"root"},{"name":"bone","parent":"root"}],"slots":[{"name":"root","bone":"bone","attachment":"Comp 1_00000"}],"skins":{"default":{"root":{"Comp 1_00013":{"name":"Comp 1_00013","width":195,"height":202},"Comp 1_00012":{"name":"Comp 1_00012","width":211,"height":214},"Comp 1_00011":{"name":"Comp 1_00011","width":229,"height":213},"Comp 1_00010":{"name":"Comp 1_00010","width":228,"height":212},"Comp 1_00009":{"name":"Comp 1_00009","width":228,"height":211},"Comp 1_00008":{"name":"Comp 1_00008","width":237,"height":238},"Comp 1_00007":{"name":"Comp 1_00007","width":235,"height":235},"Comp 1_00006":{"name":"Comp 1_00006","width":234,"height":232},"Comp 1_00005":{"name":"Comp 1_00005","width":224,"height":218},"Comp 1_00004":{"name":"Comp 1_00004","width":214,"height":208},"Comp 1_00003":{"name":"Comp 1_00003","width":207,"height":202},"Comp 1_00002":{"name":"Comp 1_00002","width":161,"height":176},"Comp 1_00001":{"name":"Comp 1_00001","width":112,"height":117},"Comp 1_00000":{"name":"Comp 1_00000","width":87,"height":91}}}},"animations":{"animtion0":{"slots":{"root":{"attachment":[{"time":0,"name":"Comp 1_00000"},{"time":0.0417,"name":"Comp 1_00001"},{"time":0.0834,"name":"Comp 1_00002"},{"time":0.1251,"name":"Comp 1_00003"},{"time":0.1668,"name":"Comp 1_00004"},{"time":0.2085,"name":"Comp 1_00005"},{"time":0.2502,"name":"Comp 1_00006"},{"time":0.2919,"name":"Comp 1_00007"},{"time":0.3336,"name":"Comp 1_00008"},{"time":0.3753,"name":"Comp 1_00009"},{"time":0.417,"name":"Comp 1_00010"},{"time":0.4587,"name":"Comp 1_00011"},{"time":0.5004,"name":"Comp 1_00012"},{"time":0.5421,"name":"Comp 1_00013"},{"time":0.5838,"name":""}]}}}}}