{"BirdShootingMinigame.prefab":"prefab","bird.prefab":"prefab","birdSpecial.prefab":"prefab","rock.prefab":"prefab","loading.prefab":"prefab","Gift.prefab":"prefab","HPL_minigame_bg.png":"texture","HPL_minigame_bullet_icon.png":"texture","HPL_minigame_bullet_bg.png":"texture","HPL_minigame_score_bg.png":"texture","HPL_minigame_ok_button.png":"texture","HPL_minigame_emoj_icon_funy.png":"texture","HPL_minigame_popup_bg.png":"texture","HPL_minigame_emoj_icon_sad.png":"texture","HPL_minigame_note_bg.png":"texture","HPL_back_button.png":"texture","HPL_minigame_time_bg.png":"texture","HPL_minigame_coin_bg.png":"texture","slingshot.json":"spine","slingshot.atlas":"asset","slingshot.png":"texture","Congratulation.png":"texture","HPL_minigame_popup_title.png":"texture","Failed.png":"texture","HPL_minigame_play_button.png":"texture","HPL_minigame_item_carrot.png":"texture","HPL_minigame_item_corn.png":"texture","HPL_minigame_item_rice.png":"texture","HPL_minigame_item_sunflowẻ.png":"texture","HPL_minigame_item_rose.png":"texture","HPL_minigame_item_tomato.png":"texture","HPL_minigame_item_wartermellon.png":"texture","HPL_minigame_item_sugarcane.png":"texture","HPL_minigame_item_coconut.png":"texture","HPL_minigame_item_phanbon1.png":"texture","HPL_minigame_item_phanbon2.png":"texture","HPL_minigame_item_phanbon3.png":"texture","HPL_minigame_item_phanbon4.png":"texture","happyland_kho_icon_phanbon_5.png":"texture","HPL_minigame_icon_bg.png":"texture","Open Box.png":"texture","box_anim.json":"spine","bird.json":"spine","bird.atlas":"asset","bird.png":"texture","kill_efffect.json":"spine","kill_efffect.atlas":"asset","kill_efffect.png":"texture","lucky_bird.json":"spine","lucky_bird.atlas":"asset","lucky_bird.png":"texture","box_anim.atlas":"asset","box_anim.png":"texture","ShootFish.CustomUI.BgResizer.ts":"typescript","BirdSpawnerGame.ts":"typescript","bow.ts":"typescript","loadingIcon.ts":"typescript","popupgift.ts":"typescript","birdGame.ts":"typescript","birdGift.ts":"typescript","rock.ts":"typescript","GiftBox.ts":"typescript","shootbirdConfig.ts":"typescript"}