{"BirdShootingMinigame.prefab":"prefab","bird.prefab":"prefab","birdSpecial.prefab":"prefab","rock.prefab":"prefab","HPL_minigame_bg.png":"texture","HPL_minigame_bullet_bg.png":"texture","HPL_minigame_score_bg.png":"texture","HPL_minigame_ok_button.png":"texture","HPL_minigame_emoj_icon_funy.png":"texture","HPL_minigame_popup_bg.png":"texture","HPL_minigame_emoj_icon_sad.png":"texture","HPL_back_button.png":"texture","HPL_minigame_time_bg.png":"texture","HPL_minigame_coin_bg.png":"texture","HPL_minigame_bullet_icon.png":"texture","slingshot.json":"spine","slingshot.atlas":"asset","slingshot.png":"texture","right_button.png":"texture","bird.json":"spine","bird.atlas":"asset","bird.png":"texture","kill_efffect.json":"spine","kill_efffect.atlas":"asset","kill_efffect.png":"texture","BirdSpawnerGame.ts":"typescript","bow.ts":"typescript","birdGame.ts":"typescript","birdGift.ts":"typescript","rock.ts":"typescript","shootbirdConfig.ts":"typescript"}