{"skeleton":{"width":500,"height":521.15,"fps":14,"hash":" ","name":"Armature"},"bones":[{"name":"root"},{"name":"bone","parent":"root"},{"name":"bone1","parent":"root"},{"name":"bone2","parent":"root"},{"name":"bone3","parent":"root"},{"name":"bone4","parent":"root"},{"name":"bone5","parent":"root"},{"name":"bone6","parent":"root"},{"name":"bone7","parent":"root"},{"y":104.1489,"name":"bone8","parent":"root"},{"name":"bone9","parent":"root"}],"slots":[{"name":"root","bone":"bone8","attachment":"Comp 1_00000"},{"name":"cross1_png","bone":"bone4","attachment":"crossbow_anim/cross1_png"},{"name":"cross2_png","bone":"bone3","attachment":"crossbow_anim/cross2_png"},{"name":"cross3_png","bone":"bone5","attachment":"crossbow_anim/cross3_png"},{"name":"cross4_png","bone":"bone1","attachment":"crossbow_anim/cross4_png"},{"name":"cross5_png","bone":"bone6","attachment":"crossbow_anim/cross5_png"},{"name":"cross6_png","bone":"bone2","attachment":"crossbow_anim/cross6_png"},{"name":"cross7_png","bone":"bone7","attachment":"crossbow_anim/cross7_png"},{"name":"bullet","bone":"bone9","attachment":"bullet"},{"name":"cross8_png","bone":"bone","attachment":"crossbow_anim/cross8_png"}],"skins":{"default":{"cross6_png":{"crossbow_anim/cross6_png":{"name":"crossbow_anim/cross6_png","width":54,"height":234,"hull":4,"triangles":[2,3,0,0,3,1],"uvs":[0.72685,0,1,0,0,1,0.26769,1],"edges":[0,2,2,6,4,6,4,0],"vertices":[81.7,116,96,116,42,-118,56.46,-118],"type":"mesh"}},"cross5_png":{"crossbow_anim/cross5_png":{"name":"crossbow_anim/cross5_png","width":68,"height":71,"x":94,"y":129.5,"path":"cross5"}},"bullet":{"bullet":{"name":"bullet","width":109,"height":109,"x":-1.15,"y":2.5,"scaleX":0.7328,"scaleY":0.7328}},"cross3_png":{"crossbow_anim/cross3_png":{"name":"crossbow_anim/cross3_png","width":54,"height":234,"hull":4,"triangles":[1,0,2,1,2,3],"uvs":[0,0,0.28519,0,0.71111,0.98204,1,1],"edges":[0,2,2,6,4,6,4,0],"vertices":[-95,113.96,-79.6,113.96,-56.6,-115.84,-41,-120.04],"type":"mesh"}},"root":{"Comp 1_00009":{"name":"Comp 1_00009","width":285,"height":284},"Comp 1_00008":{"name":"Comp 1_00008","width":248,"height":166},"Comp 1_00007":{"name":"Comp 1_00007","width":258,"height":181},"Comp 1_00006":{"name":"Comp 1_00006","width":273,"height":371},"Comp 1_00005":{"name":"Comp 1_00005","width":287,"height":395},"Comp 1_00004":{"name":"Comp 1_00004","width":287,"height":408},"Comp 1_00003":{"name":"Comp 1_00003","width":289,"height":428},"Comp 1_00002":{"name":"Comp 1_00002","width":227,"height":405},"Comp 1_00001":{"name":"Comp 1_00001","width":189,"height":411},"Comp 1_00000":{"name":"Comp 1_00000","width":141,"height":372}},"cross8_png":{"crossbow_anim/cross8_png":{"name":"crossbow_anim/cross8_png","width":118,"height":65,"y":-120.5}},"cross4_png":{"crossbow_anim/cross4_png":{"name":"crossbow_anim/cross4_png","width":19,"height":20,"x":-91.5,"y":116}},"cross2_png":{"crossbow_anim/cross2_png":{"name":"crossbow_anim/cross2_png","width":69,"height":72,"x":-93.5,"y":129,"path":"cross2"}},"cross1_png":{"crossbow_anim/cross1_png":{"name":"crossbow_anim/cross1_png","width":212,"height":291,"x":1,"y":-21.5,"path":"cross1"}},"cross7_png":{"crossbow_anim/cross7_png":{"name":"crossbow_anim/cross7_png","width":19,"height":20,"x":92.5,"y":116}}}},"animations":{"front":{"bones":{"bone":{"translate":[{"time":0,"y":209.67},{"time":0.2857,"y":209.67},{"time":1.4286,"y":56.34}]},"bone1":{"translate":[{"time":0,"x":6.14,"y":-8.27},{"time":0.2857,"x":6.14,"y":-8.27},{"time":1.4286}]},"bone2":{"translate":[{"time":0,"y":100.73},{"time":0.2857,"y":100.73},{"time":1.4286,"y":31.57}],"scale":[{"time":0,"x":1,"y":0.1},{"time":0.2857,"x":1,"y":0.1},{"time":1.4286,"x":1,"y":0.75}]},"bone3":{"translate":[{"time":0,"x":6.37,"y":-8.65},{"time":0.2857,"x":6.37,"y":-8.65},{"time":1.4286,"x":9.37,"y":3.17}]},"bone4":{"translate":[{"time":0,"y":15.53}],"scale":[{"time":0,"x":1,"y":0.85},{"time":0.2857,"x":1,"y":0.85},{"time":1.4286,"x":1,"y":1}]},"bone5":{"translate":[{"time":0,"x":-13.39,"y":102.69},{"time":0.2857,"x":-13.39,"y":102.69},{"time":1.4286,"x":-13.39,"y":29.01}],"rotate":[{"time":0,"curve":"stepped","angle":0},{"time":1.4286,"angle":1}],"scale":[{"time":0,"x":0.85,"y":0.1},{"time":0.2857,"x":0.85,"y":0.1},{"time":1.4286,"x":0.85,"y":0.75}],"shear":[{"time":0,"curve":"stepped"},{"time":1.4286}]},"bone6":{"translate":[{"time":0,"x":-7.48,"y":-10.47},{"time":0.2857,"x":-7.48,"y":-10.47},{"time":1.4286,"x":-7.48,"y":1.27}]},"bone7":{"translate":[{"time":0,"x":-6.17,"y":-9.28},{"time":0.2857,"x":-6.17,"y":-9.28},{"time":1.4286}]},"bone8":{"translate":[{"time":0,"y":69.4}]},"bone9":{"translate":[{"time":0,"x":88.16,"y":-86.01},{"time":0.2857,"x":0.68,"y":109.87},{"time":1.4286,"x":1.06,"y":-59.93}],"scale":[{"time":0,"x":1,"y":1},{"time":0.1429,"x":0.7,"y":1},{"time":0.2858,"x":1,"y":1}]}},"slots":{"root":{"attachment":[{"time":0,"name":""}]}}},"front_end":{"bones":{"bone":{"translate":[{"time":0,"y":56.34},{"time":0.1429,"y":209.67}]},"bone1":{"translate":[{"time":0},{"time":0.1429,"x":6.14,"y":-8.27}]},"bone2":{"translate":[{"time":0,"y":31.57},{"time":0.1429,"y":100.73}],"scale":[{"time":0,"x":1,"y":0.75},{"time":0.1429,"x":1,"y":0.1}]},"bone3":{"translate":[{"time":0,"x":9.37,"y":3.17},{"time":0.1429,"x":6.37,"y":-8.65}]},"bone4":{"translate":[{"time":0,"x":2.51,"y":6.77},{"time":0.1429,"y":15.53}],"scale":[{"time":0,"x":1,"y":1},{"time":0.1429,"x":1,"y":0.85}]},"bone5":{"translate":[{"time":0,"x":-13.39,"y":29.01},{"time":0.1429,"x":-13.39,"y":102.69}],"rotate":[{"time":0,"angle":1}],"scale":[{"time":0,"x":0.85,"y":0.75},{"time":0.1429,"x":0.85,"y":0.1}],"shear":[{"time":0}]},"bone6":{"translate":[{"time":0,"x":-7.48,"y":1.27},{"time":0.1429,"x":-7.48,"y":-10.47}]},"bone7":{"translate":[{"time":0},{"time":0.1429,"x":-6.17,"y":-9.28}]},"bone8":{"translate":[{"time":0,"curve":"stepped"},{"time":0.1429,"y":140.71},{"time":0.2858,"y":81.36},{"time":0.3572,"y":108.03}],"rotate":[{"time":0,"angle":0},{"time":0.3571,"angle":-1},{"time":0.4285,"angle":0}],"scale":[{"time":0,"curve":"stepped","x":1,"y":1},{"time":0.2857,"x":1,"y":0.35}],"shear":[{"time":0},{"time":0.3571},{"time":0.4285}]},"bone9":{"translate":[{"time":0,"x":1.06,"y":-59.93},{"time":0.1429,"x":1.06,"y":106.27}]}},"slots":{"bullet":{"color":[{"time":0,"color":"FFFFFFFF"},{"time":0.2143,"color":"FFFFFF00"}]},"root":{"attachment":[{"time":0,"name":"Comp 1_00000"},{"time":0.0714,"name":""},{"time":0.1428,"name":"Comp 1_00000"},{"time":0.2142,"name":"Comp 1_00001"},{"time":0.2856,"name":"Comp 1_00002"},{"time":0.357,"name":"Comp 1_00003"},{"time":0.4284,"name":"Comp 1_00004"},{"time":0.4998,"name":"Comp 1_00005"},{"time":0.5712,"name":"Comp 1_00006"},{"time":0.6426,"name":"Comp 1_00007"},{"time":0.714,"name":"Comp 1_00008"},{"time":0.7854,"name":""}]}}},"right_30":{"bones":{"bone":{"translate":[{"time":0,"y":209.67},{"time":0.2857,"y":209.67},{"time":1.4286,"x":120.95,"y":52.4}]},"bone1":{"translate":[{"time":0,"x":6.14,"y":-8.27},{"time":0.2857,"x":6.14,"y":-8.27},{"time":1.4286,"x":23.52,"y":-8.27}]},"bone2":{"translate":[{"time":0,"y":100.73}],"scale":[{"time":0,"x":1,"y":0.1}]},"bone3":{"translate":[{"time":0,"x":6.37,"y":-8.65},{"time":0.2857,"x":6.37,"y":-8.65},{"time":1.4286,"x":20.75,"y":-8.09}]},"bone4":{"translate":[{"time":0,"y":15.53}],"scale":[{"time":0,"x":1,"y":0.85},{"time":0.2857,"x":1,"y":0.85},{"time":1.4286,"x":0.8,"y":0.85}]},"bone5":{"translate":[{"time":0,"x":-13.39,"y":102.69}],"scale":[{"time":0,"x":0.85,"y":0.1}]},"bone6":{"translate":[{"time":0,"x":-7.48,"y":-10.47},{"time":0.2857,"x":-7.48,"y":-10.47},{"time":1.4286,"x":-20.76,"y":-7.11}]},"bone7":{"translate":[{"time":0,"x":-6.17,"y":-9.28},{"time":0.2857,"x":-6.17,"y":-9.28},{"time":1.4286,"x":-16.26,"y":-9.28}]},"bone8":{"translate":[{"time":0,"y":69.4}]},"bone9":{"translate":[{"time":0,"x":88.16,"y":-86.01},{"time":0.2857,"x":0.68,"y":109.87},{"time":1.4286,"x":119.75,"y":-60.4}],"scale":[{"time":0,"x":1,"y":1},{"time":0.1429,"x":0.7,"y":1},{"time":0.2858,"x":1,"y":1}]}},"slots":{"root":{"attachment":[{"time":0,"name":""}]}},"deform":{"default":{"cross6_png":{"crossbow_anim/cross6_png":[{"time":0,"curve":"stepped","offset":7,"vertices":[0]},{"time":0.2857,"vertices":[-2.45,-5,-9.7,-103,6.6,94,-5.7,-5.5]},{"time":1.4286,"vertices":[-11.35,-70,-15,-30.5,125.6,-1520,120.55,-1467.5]}]},"cross3_png":{"crossbow_anim/cross3_png":[{"time":0,"vertices":[6,-63.5,-1.76,22.5,11.29,-52,-0.35,59]},{"time":0.2857,"vertices":[6,-63.5,-1.76,22.5,11.29,-52,-0.35,59]},{"time":1.4286,"vertices":[25.65,-67.5,22.82,-16,153.82,-1589,142.18,-1478]}]}}}},"right_60":{"bones":{"bone":{"translate":[{"time":0,"y":209.67},{"time":0.2857,"y":209.67},{"time":1.4286,"x":186.54,"y":88.15}]},"bone1":{"translate":[{"time":0,"x":6.14,"y":-8.27},{"time":0.2857,"x":6.14,"y":-8.27},{"time":1.4286,"x":23.52,"y":-8.27}]},"bone2":{"translate":[{"time":0,"y":100.73}],"scale":[{"time":0,"x":1,"y":0.1}]},"bone3":{"translate":[{"time":0,"x":6.37,"y":-8.65},{"time":0.2857,"x":6.37,"y":-8.65},{"time":1.4286,"x":20.75,"y":-8.09}]},"bone4":{"translate":[{"time":0,"y":15.53}],"scale":[{"time":0,"x":1,"y":0.85},{"time":0.2857,"x":1,"y":0.85},{"time":1.4286,"x":0.8,"y":0.85}]},"bone5":{"translate":[{"time":0,"x":-13.39,"y":102.69}],"scale":[{"time":0,"x":0.85,"y":0.1}]},"bone6":{"translate":[{"time":0,"x":-7.48,"y":-10.47},{"time":0.2857,"x":-7.48,"y":-10.47},{"time":1.4286,"x":-20.76,"y":-7.11}]},"bone7":{"translate":[{"time":0,"x":-6.17,"y":-9.28},{"time":0.2857,"x":-6.17,"y":-9.28},{"time":1.4286,"x":-16.26,"y":-9.28}]},"bone8":{"translate":[{"time":0,"y":69.4}]},"bone9":{"translate":[{"time":0,"x":88.16,"y":-86.01},{"time":0.2857,"x":0.68,"y":109.87},{"time":1.4286,"x":185.34,"y":-24.66}],"scale":[{"time":0,"x":1,"y":1},{"time":0.1429,"x":0.7,"y":1},{"time":0.2858,"x":1,"y":1}]}},"slots":{"root":{"attachment":[{"time":0,"name":""}]}},"deform":{"default":{"cross6_png":{"crossbow_anim/cross6_png":[{"time":0,"curve":"stepped","offset":7,"vertices":[0]},{"time":0.2857,"vertices":[-2.45,-5,-9.7,-103,6.6,94,-5.7,-5.5]},{"time":1.4286,"vertices":[-11.35,-70,-15,-30.5,192.2,-1190.5,185.35,-1106]}]},"cross3_png":{"crossbow_anim/cross3_png":[{"time":0,"vertices":[6,-63.5,-1.76,22.5,11.29,-52,-0.35,59]},{"time":0.2857,"vertices":[6,-63.5,-1.76,22.5,11.29,-52,-0.35,59]},{"time":1.4286,"vertices":[25.65,-67.5,22.82,-16,232.71,-1239,221.06,-1128]}]}}}},"left_30":{"bones":{"bone":{"translate":[{"time":0,"y":209.67},{"time":0.2857,"y":209.67},{"time":1.4286,"x":-98.58,"y":53.08}]},"bone1":{"translate":[{"time":0,"x":6.14,"y":-8.27}]},"bone2":{"translate":[{"time":0,"y":100.73}],"scale":[{"time":0,"x":1,"y":0.1}]},"bone3":{"translate":[{"time":0,"x":6.37,"y":-8.65}]},"bone4":{"translate":[{"time":0,"y":15.53}],"scale":[{"time":0,"x":1,"y":0.85}]},"bone5":{"translate":[{"time":0,"x":-13.39,"y":102.69}],"scale":[{"time":0,"x":0.85,"y":0.1}]},"bone6":{"translate":[{"time":0,"x":-7.48,"y":-10.47}]},"bone7":{"translate":[{"time":0,"x":-6.17,"y":-9.28}]},"bone8":{"translate":[{"time":0,"y":69.4}]},"bone9":{"translate":[{"time":0,"x":88.16,"y":-86.01},{"time":0.2857,"x":0.68,"y":109.87},{"time":1.4286,"x":-89.44,"y":-64.68},{"time":1.7143,"x":-89.44,"y":-58.34}],"scale":[{"time":0,"x":1,"y":1},{"time":0.1429,"x":0.7,"y":1},{"time":0.2858,"x":1,"y":1}]}},"slots":{"root":{"attachment":[{"time":0,"name":""}]}},"deform":{"default":{"cross6_png":{"crossbow_anim/cross6_png":[{"time":0,"curve":"stepped","offset":7,"vertices":[0]},{"time":0.2857,"vertices":[-2.45,-5,-9.7,-103,6.6,94,-5.7,-5.5]},{"time":1.4286,"vertices":[-2.45,-5,-9.7,-103,-92.05,-1480,-104.35,-1579.5]}]},"cross3_png":{"crossbow_anim/cross3_png":[{"time":0,"vertices":[6,-63.5,-1.76,22.5,11.29,-52,-0.35,59]},{"time":0.2857,"vertices":[6,-63.5,-1.76,22.5,11.29,-52,-0.35,59]},{"time":1.4286,"vertices":[6,-63.5,3.06,-71.5,-106.06,-1482,-113.24,-1522.5]}]}}}},"left_60":{"bones":{"bone":{"translate":[{"time":0,"y":209.67},{"time":0.2857,"y":209.67},{"time":1.4286,"x":-160.49,"y":95.61}]},"bone1":{"translate":[{"time":0,"x":6.14,"y":-8.27}]},"bone2":{"translate":[{"time":0,"y":100.73}],"scale":[{"time":0,"x":1,"y":0.1}]},"bone3":{"translate":[{"time":0,"x":6.37,"y":-8.65}]},"bone4":{"translate":[{"time":0,"y":15.53}],"scale":[{"time":0,"x":1,"y":0.85}]},"bone5":{"translate":[{"time":0,"x":-13.39,"y":102.69}],"scale":[{"time":0,"x":0.85,"y":0.1}]},"bone6":{"translate":[{"time":0,"x":-7.48,"y":-10.47}]},"bone7":{"translate":[{"time":0,"x":-6.17,"y":-9.28}]},"bone8":{"translate":[{"time":0,"y":69.4}]},"bone9":{"translate":[{"time":0,"x":88.16,"y":-86.01},{"time":0.2857,"x":0.68,"y":109.87},{"time":1.4286,"x":-151.36,"y":-22.15}],"scale":[{"time":0,"x":1,"y":1},{"time":0.1429,"x":0.7,"y":1},{"time":0.2858,"x":1,"y":1}]}},"slots":{"root":{"attachment":[{"time":0,"name":""}]}},"deform":{"default":{"cross6_png":{"crossbow_anim/cross6_png":[{"time":0,"curve":"stepped","offset":7,"vertices":[0]},{"time":0.2857,"vertices":[-2.45,-5,-9.7,-103,6.6,94,-5.7,-5.5]},{"time":1.4286,"vertices":[-2.45,-5,-9.7,-103,-154,-1040.5,-163.85,-1156]}]},"cross3_png":{"crossbow_anim/cross3_png":[{"time":0,"vertices":[6,-63.5,-1.76,22.5,11.29,-52,-0.35,59]},{"time":0.2857,"vertices":[6,-63.5,-1.76,22.5,11.29,-52,-0.35,59]},{"time":1.4286,"vertices":[5.29,-43,1.18,-100.5,-180.65,-1068.5,-187.82,-1109]}]}}}},"right_60_end":{"bones":{"bone":{"translate":[{"time":0,"x":186.54,"y":88.15},{"time":0.2143,"y":209.67}]},"bone1":{"translate":[{"time":0,"x":23.52,"y":-8.27},{"time":0.2143,"x":6.14,"y":-8.27}]},"bone2":{"translate":[{"time":0,"y":100.73}],"scale":[{"time":0,"x":1,"y":0.1}]},"bone3":{"translate":[{"time":0,"x":20.75,"y":-8.09},{"time":0.2143,"x":6.37,"y":-8.65}]},"bone4":{"translate":[{"time":0,"y":15.53}],"scale":[{"time":0,"x":0.8,"y":0.85},{"time":0.2143,"x":1,"y":0.85}]},"bone5":{"translate":[{"time":0,"x":-13.39,"y":102.69}],"scale":[{"time":0,"x":0.85,"y":0.1}]},"bone6":{"translate":[{"time":0,"x":-20.76,"y":-7.11},{"time":0.2143,"x":-7.48,"y":-10.47}]},"bone7":{"translate":[{"time":0,"x":-16.26,"y":-9.28},{"time":0.2143,"x":-6.17,"y":-9.28}]},"bone8":{"translate":[{"time":0,"y":69.4},{"time":0.1429,"x":-69.35,"y":92.52}],"rotate":[{"time":0,"angle":0},{"time":0.1429,"angle":31}],"shear":[{"time":0},{"time":0.1429}]},"bone9":{"translate":[{"time":0,"x":185.34,"y":-24.66},{"time":0.2143,"x":0.68,"y":109.87}],"scale":[{"time":0,"x":1,"y":1},{"time":0.1429,"x":0.7,"y":1},{"time":0.2143,"x":1,"y":1}]}},"slots":{"bullet":{"color":[{"time":0,"color":"FFFFFFFF"},{"time":0.2143,"color":"FFFFFF00"}]},"root":{"attachment":[{"time":0,"name":""},{"time":0.1429,"name":"Comp 1_00000"},{"time":0.2143,"name":"Comp 1_00001"},{"time":0.2857,"name":"Comp 1_00002"},{"time":0.3571,"name":"Comp 1_00003"},{"time":0.4285,"name":"Comp 1_00004"},{"time":0.4999,"name":"Comp 1_00005"},{"time":0.5713,"name":"Comp 1_00006"},{"time":0.6427,"name":"Comp 1_00007"},{"time":0.7141,"name":"Comp 1_00008"},{"time":0.7855,"name":""}]}},"deform":{"default":{"cross6_png":{"crossbow_anim/cross6_png":[{"time":0,"vertices":[-11.35,-70,-15,-30.5,192.2,-1190.5,185.35,-1106]},{"time":0.2143,"vertices":[-2.45,-5,-9.7,-103,6.6,94,-5.7,-5.5]}]},"cross3_png":{"crossbow_anim/cross3_png":[{"time":0,"vertices":[25.65,-67.5,22.82,-16,232.71,-1239,221.06,-1128]},{"time":0.2143,"vertices":[6,-63.5,-1.76,22.5,11.29,-52,-0.35,59]}]}}}},"right_30_end":{"bones":{"bone":{"translate":[{"time":0,"x":120.95,"y":52.4},{"time":0.1429,"y":209.67}]},"bone1":{"translate":[{"time":0,"x":23.52,"y":-8.27},{"time":0.1429,"x":6.14,"y":-8.27}]},"bone2":{"translate":[{"time":0,"y":100.73}],"scale":[{"time":0,"x":1,"y":0.1}]},"bone3":{"translate":[{"time":0,"x":20.75,"y":-8.09},{"time":0.1429,"x":6.37,"y":-8.65}]},"bone4":{"translate":[{"time":0,"y":15.53}],"scale":[{"time":0,"x":0.8,"y":0.85},{"time":0.1429,"x":1,"y":0.85}]},"bone5":{"translate":[{"time":0,"x":-13.39,"y":102.69}],"scale":[{"time":0,"x":0.85,"y":0.1}]},"bone6":{"translate":[{"time":0,"x":-20.76,"y":-7.11},{"time":0.1429,"x":-7.48,"y":-10.47}]},"bone7":{"translate":[{"time":0,"x":-16.26,"y":-9.28},{"time":0.1429,"x":-6.17,"y":-9.28}]},"bone8":{"translate":[{"time":0,"y":69.4},{"time":0.1429,"x":-53.21,"y":78.72},{"time":0.3572,"x":-43.06,"y":76.73}],"rotate":[{"time":0,"angle":0},{"time":0.1429,"angle":28.6},{"time":0.3572,"angle":29.6}],"scale":[{"time":0,"x":1,"y":1},{"time":0.3571,"x":1,"y":0.65}],"shear":[{"time":0},{"time":0.1429},{"time":0.3572}]},"bone9":{"translate":[{"time":0,"x":119.75,"y":-60.4},{"time":0.1429,"x":0.68,"y":109.87}]}},"slots":{"bullet":{"color":[{"time":0,"color":"FFFFFFFF"},{"time":0.2143,"color":"FFFFFF00"}]},"root":{"attachment":[{"time":0,"name":""},{"time":0.1429,"name":"Comp 1_00000"},{"time":0.2143,"name":"Comp 1_00001"},{"time":0.2857,"name":"Comp 1_00002"},{"time":0.3571,"name":"Comp 1_00003"},{"time":0.4285,"name":"Comp 1_00004"},{"time":0.4999,"name":"Comp 1_00005"},{"time":0.5713,"name":"Comp 1_00006"},{"time":0.6427,"name":"Comp 1_00007"},{"time":0.7141,"name":"Comp 1_00008"},{"time":0.7855,"name":""}]}},"deform":{"default":{"cross6_png":{"crossbow_anim/cross6_png":[{"time":0,"vertices":[-11.35,-70,-15,-30.5,125.6,-1520,120.55,-1467.5]},{"time":0.1429,"vertices":[-2.45,-5,-9.7,-103,6.6,94,-5.7,-5.5]}]},"cross3_png":{"crossbow_anim/cross3_png":[{"time":0,"vertices":[25.65,-67.5,22.82,-16,153.82,-1589,142.18,-1478]},{"time":0.1429,"vertices":[6,-63.5,-1.76,22.5,11.29,-52,-0.35,59]}]}}}},"left_30_end":{"bones":{"bone":{"translate":[{"time":0,"x":-98.58,"y":53.08},{"time":0.1429,"y":209.67}]},"bone1":{"translate":[{"time":0,"x":6.14,"y":-8.27}]},"bone2":{"translate":[{"time":0,"y":100.73}],"scale":[{"time":0,"x":1,"y":0.1}]},"bone3":{"translate":[{"time":0,"x":6.37,"y":-8.65}]},"bone4":{"translate":[{"time":0,"y":15.53}],"scale":[{"time":0,"x":1,"y":0.85}]},"bone5":{"translate":[{"time":0,"x":-13.39,"y":102.69}],"scale":[{"time":0,"x":0.85,"y":0.1}]},"bone6":{"translate":[{"time":0,"x":-7.48,"y":-10.47}]},"bone7":{"translate":[{"time":0,"x":-6.17,"y":-9.28}]},"bone8":{"translate":[{"time":0,"y":69.4},{"time":0.1429,"x":47.91,"y":115.07},{"time":0.3572,"x":49.21,"y":73.44}],"rotate":[{"time":0,"curve":"stepped","angle":0},{"time":0.1429,"angle":-15}],"scale":[{"time":0,"curve":"stepped","x":1,"y":1},{"time":0.1429,"x":1,"y":1},{"time":0.3572,"x":1,"y":0.55}],"shear":[{"time":0,"curve":"stepped"},{"time":0.1429}]},"bone9":{"translate":[{"time":0,"x":-89.44,"y":-58.34},{"time":0.1429,"x":0.68,"y":109.87}]}},"slots":{"bullet":{"color":[{"time":0,"color":"FFFFFFFF"},{"time":0.2143,"color":"FFFFFF00"}]},"root":{"attachment":[{"time":0,"name":""},{"time":0.1429,"name":"Comp 1_00000"},{"time":0.2143,"name":"Comp 1_00001"},{"time":0.2857,"name":"Comp 1_00002"},{"time":0.3571,"name":"Comp 1_00003"},{"time":0.4285,"name":"Comp 1_00004"},{"time":0.4999,"name":"Comp 1_00005"},{"time":0.5713,"name":"Comp 1_00006"},{"time":0.6427,"name":"Comp 1_00007"},{"time":0.7141,"name":"Comp 1_00008"},{"time":0.7855,"name":""}]}},"deform":{"default":{"cross6_png":{"crossbow_anim/cross6_png":[{"time":0,"vertices":[-2.45,-5,-9.7,-103,-92.05,-1480,-104.35,-1579.5]},{"time":0.1429,"vertices":[-2.45,-5,-9.7,-103,6.6,94,-5.7,-5.5]}]},"cross3_png":{"crossbow_anim/cross3_png":[{"time":0,"vertices":[6,-63.5,3.06,-71.5,-106.06,-1482,-113.24,-1522.5]},{"time":0.1429,"vertices":[6,-63.5,-1.76,22.5,11.29,-52,-0.35,59]}]}}}},"left_60_end":{"bones":{"bone":{"translate":[{"time":0,"x":-160.49,"y":95.61},{"time":0.1429,"y":209.67}]},"bone1":{"translate":[{"time":0,"x":6.14,"y":-8.27}]},"bone2":{"translate":[{"time":0,"y":100.73}],"scale":[{"time":0,"x":1,"y":0.1}]},"bone3":{"translate":[{"time":0,"x":6.37,"y":-8.65}]},"bone4":{"translate":[{"time":0,"y":15.53}],"scale":[{"time":0,"x":1,"y":0.85}]},"bone5":{"translate":[{"time":0,"x":-13.39,"y":102.69}],"scale":[{"time":0,"x":0.85,"y":0.1}]},"bone6":{"translate":[{"time":0,"x":-7.48,"y":-10.47}]},"bone7":{"translate":[{"time":0,"x":-6.17,"y":-9.28}]},"bone8":{"translate":[{"time":0,"y":69.4},{"time":0.1429,"x":93.73,"y":99.35}],"rotate":[{"time":0,"curve":"stepped","angle":0},{"time":0.1429,"angle":-34}],"shear":[{"time":0,"curve":"stepped"},{"time":0.1429}]},"bone9":{"translate":[{"time":0,"x":-151.36,"y":-22.15},{"time":0.1429,"x":0.68,"y":109.87}]}},"slots":{"bullet":{"color":[{"time":0,"color":"FFFFFFFF"},{"time":0.2143,"color":"FFFFFF00"}]},"root":{"attachment":[{"time":0,"name":""},{"time":0.1429,"name":"Comp 1_00000"},{"time":0.2143,"name":"Comp 1_00001"},{"time":0.2857,"name":"Comp 1_00002"},{"time":0.3571,"name":"Comp 1_00003"},{"time":0.4285,"name":"Comp 1_00004"},{"time":0.4999,"name":"Comp 1_00005"},{"time":0.5713,"name":"Comp 1_00006"},{"time":0.6427,"name":"Comp 1_00007"},{"time":0.7141,"name":"Comp 1_00008"},{"time":0.7855,"name":""}]}},"deform":{"default":{"cross6_png":{"crossbow_anim/cross6_png":[{"time":0,"vertices":[-2.45,-5,-9.7,-103,-154,-1040.5,-163.85,-1156]},{"time":0.1429,"vertices":[-2.45,-5,-9.7,-103,6.6,94,-5.7,-5.5]}]},"cross3_png":{"crossbow_anim/cross3_png":[{"time":0,"vertices":[5.29,-43,1.18,-100.5,-180.65,-1068.5,-187.82,-1109]},{"time":0.1429,"vertices":[6,-63.5,-1.76,22.5,11.29,-52,-0.35,59]}]}}}}}}