{"skeleton":{"width":500,"height":517.15,"fps":16,"hash":" ","name":"Armature"},"bones":[{"name":"root"},{"name":"bone","parent":"root"},{"name":"bone1","parent":"root"},{"name":"bone2","parent":"root"},{"name":"bone3","parent":"root"},{"name":"bone4","parent":"root"},{"name":"bone5","parent":"root"},{"name":"bone6","parent":"root"},{"name":"bone7","parent":"root"},{"y":104.1489,"name":"bone8","parent":"root"},{"name":"bone9","parent":"root"}],"slots":[{"name":"root","bone":"bone8","attachment":"Comp 1_00000"},{"name":"cross1_png","bone":"bone4","attachment":"crossbow_anim/cross1_png"},{"name":"cross2_png","bone":"bone3","attachment":"crossbow_anim/cross2_png"},{"name":"bullet","bone":"bone9","attachment":"bullet"},{"name":"cross3_png","bone":"bone5","attachment":"crossbow_anim/cross3_png"},{"name":"cross4_png","bone":"bone1","attachment":"crossbow_anim/cross4_png"},{"name":"cross5_png","bone":"bone6","attachment":"crossbow_anim/cross5_png"},{"name":"cross6_png","bone":"bone2","attachment":"crossbow_anim/cross6_png"},{"name":"cross7_png","bone":"bone7","attachment":"crossbow_anim/cross7_png"},{"name":"cross8_png","bone":"bone","attachment":"crossbow_anim/cross8_png"}],"skins":{"default":{"cross1_png":{"crossbow_anim/cross1_png":{"name":"crossbow_anim/cross1_png","width":204,"height":283,"x":1,"y":-21.5}},"cross2_png":{"crossbow_anim/cross2_png":{"name":"crossbow_anim/cross2_png","width":61,"height":64,"x":-93.5,"y":129}},"root":{"Comp 1_00009":{"name":"Comp 1_00009","width":285,"height":284},"Comp 1_00008":{"name":"Comp 1_00008","width":248,"height":166},"Comp 1_00007":{"name":"Comp 1_00007","width":258,"height":181},"Comp 1_00006":{"name":"Comp 1_00006","width":273,"height":371},"Comp 1_00005":{"name":"Comp 1_00005","width":287,"height":395},"Comp 1_00004":{"name":"Comp 1_00004","width":287,"height":408},"Comp 1_00003":{"name":"Comp 1_00003","width":289,"height":428},"Comp 1_00002":{"name":"Comp 1_00002","width":227,"height":405},"Comp 1_00001":{"name":"Comp 1_00001","width":189,"height":411},"Comp 1_00000":{"name":"Comp 1_00000","width":141,"height":372}},"cross4_png":{"crossbow_anim/cross4_png":{"name":"crossbow_anim/cross4_png","width":19,"height":20,"x":-91.5,"y":116}},"cross5_png":{"crossbow_anim/cross5_png":{"name":"crossbow_anim/cross5_png","width":60,"height":63,"x":94,"y":129.5}},"bullet":{"bullet":{"name":"bullet","width":109,"height":109,"x":-1.15,"y":2.5,"scaleX":0.7328,"scaleY":0.7328}},"cross6_png":{"crossbow_anim/cross6_png":{"name":"crossbow_anim/cross6_png","width":54,"height":234,"x":69,"y":-1}},"cross8_png":{"crossbow_anim/cross8_png":{"name":"crossbow_anim/cross8_png","width":118,"height":65,"y":-120.5}},"cross3_png":{"crossbow_anim/cross3_png":{"name":"crossbow_anim/cross3_png","width":54,"height":234,"x":-68,"y":-1}},"cross7_png":{"crossbow_anim/cross7_png":{"name":"crossbow_anim/cross7_png","width":19,"height":20,"x":92.5,"y":116}}}},"animations":{"1":{"bones":{"bone":{"translate":[{"time":0,"y":209.67},{"time":0.25,"y":209.67},{"time":1.25,"y":56.34}]},"bone1":{"translate":[{"time":0,"x":6.14,"y":-8.27},{"time":0.25,"x":6.14,"y":-8.27},{"time":1.25}]},"bone2":{"translate":[{"time":0,"y":100.73},{"time":0.25,"y":100.73},{"time":1.25,"y":31.57}],"scale":[{"time":0,"x":1,"y":0.1},{"time":0.25,"x":1,"y":0.1},{"time":1.25,"x":1,"y":0.75}]},"bone3":{"translate":[{"time":0,"x":6.37,"y":-8.65},{"time":0.25,"x":6.37,"y":-8.65},{"time":1.25,"x":9.37,"y":3.17}]},"bone4":{"translate":[{"time":0,"y":15.53}],"scale":[{"time":0,"x":1,"y":0.85},{"time":0.25,"x":1,"y":0.85},{"time":1.25,"x":1,"y":1}]},"bone5":{"translate":[{"time":0,"x":-13.39,"y":102.69},{"time":0.25,"x":-13.39,"y":102.69},{"time":1.25,"x":-13.39,"y":29.01}],"rotate":[{"time":0,"curve":"stepped","angle":0},{"time":1.25,"angle":1}],"scale":[{"time":0,"x":0.85,"y":0.1},{"time":0.25,"x":0.85,"y":0.1},{"time":1.25,"x":0.85,"y":0.75}],"shear":[{"time":0,"curve":"stepped"},{"time":1.25}]},"bone6":{"translate":[{"time":0,"x":-7.48,"y":-10.47},{"time":0.25,"x":-7.48,"y":-10.47},{"time":1.25,"x":-7.48,"y":1.27}]},"bone7":{"translate":[{"time":0,"x":-6.17,"y":-9.28},{"time":0.25,"x":-6.17,"y":-9.28},{"time":1.25}]},"bone8":{"translate":[{"time":0,"y":69.4}]},"bone9":{"translate":[{"time":0,"x":88.16,"y":-86.01},{"time":0.25,"x":0.68,"y":109.87},{"time":1.25,"x":1.06,"y":-59.93}],"scale":[{"time":0,"x":1,"y":1},{"time":0.125,"x":0.7,"y":1},{"time":0.25,"x":1,"y":1}]}},"slots":{"root":{"attachment":[{"time":0,"name":""}]}}},"2":{"bones":{"bone":{"translate":[{"time":0,"y":56.34},{"time":0.125,"y":209.67}]},"bone1":{"translate":[{"time":0},{"time":0.125,"x":6.14,"y":-8.27}]},"bone2":{"translate":[{"time":0,"y":31.57},{"time":0.125,"y":100.73}],"scale":[{"time":0,"x":1,"y":0.75},{"time":0.125,"x":1,"y":0.1}]},"bone3":{"translate":[{"time":0,"x":9.37,"y":3.17},{"time":0.125,"x":6.37,"y":-8.65}]},"bone4":{"translate":[{"time":0,"curve":"stepped"},{"time":0.125,"y":15.53}],"scale":[{"time":0,"x":1,"y":1},{"time":0.125,"x":1,"y":0.85}]},"bone5":{"translate":[{"time":0,"x":-13.39,"y":29.01},{"time":0.125,"x":-13.39,"y":102.69}],"rotate":[{"time":0,"angle":1}],"scale":[{"time":0,"x":0.85,"y":0.75},{"time":0.125,"x":0.85,"y":0.1}],"shear":[{"time":0}]},"bone6":{"translate":[{"time":0,"x":-7.48,"y":1.27},{"time":0.125,"x":-7.48,"y":-10.47}]},"bone7":{"translate":[{"time":0},{"time":0.125,"x":-6.17,"y":-9.28}]},"bone8":{"translate":[{"time":0,"curve":"stepped"},{"time":0.125,"y":140.71},{"time":0.25,"y":81.36},{"time":0.3125,"y":108.03}],"rotate":[{"time":0,"angle":0},{"time":0.3125,"angle":-1},{"time":0.375,"angle":0}],"scale":[{"time":0,"curve":"stepped","x":1,"y":1},{"time":0.25,"x":1,"y":0.35}],"shear":[{"time":0},{"time":0.3125},{"time":0.375}]},"bone9":{"translate":[{"time":0,"x":1.06,"y":-59.93},{"time":0.125,"x":1.06,"y":106.27}]}},"slots":{"root":{"attachment":[{"time":0,"name":"Comp 1_00000"},{"time":0.0625,"name":""},{"time":0.125,"name":"Comp 1_00000"},{"time":0.1875,"name":"Comp 1_00001"},{"time":0.25,"name":"Comp 1_00002"},{"time":0.3125,"name":"Comp 1_00003"},{"time":0.375,"name":"Comp 1_00004"},{"time":0.4375,"name":"Comp 1_00005"},{"time":0.5,"name":"Comp 1_00006"},{"time":0.5625,"name":"Comp 1_00007"},{"time":0.625,"name":"Comp 1_00008"},{"time":0.6875,"name":""}]},"bullet":{"color":[{"time":0,"color":"FFFFFFFF"},{"time":0.1875,"color":"FFFFFF00"}]}}}}}