{"skeleton":{"width":653.4,"height":517.37,"fps":15,"hash":" ","name":"Armature"},"bones":[{"name":"root"},{"length":20,"x":14.0099,"y":9.8248,"rotation":-143.6568,"name":"zig","parent":"root"},{"name":"bone","parent":"root"},{"name":"bone5","parent":"root"},{"length":35,"x":75.8,"y":94.1,"rotation":-164.2328,"name":"Layer_28","parent":"root"},{"x":-83.9281,"y":5.0067,"name":"eyes","parent":"root"},{"length":41,"x":80.5,"y":42.05,"rotation":-36.2165,"name":"Layer_36_copy_6","parent":"root"},{"name":"fearther","parent":"root"},{"name":"bone6","parent":"root"},{"name":"bone3","parent":"root"},{"name":"dirrt","parent":"root"},{"name":"bag","parent":"root"},{"name":"bone2","parent":"root"},{"length":26,"x":-15.4,"y":96.65,"rotation":151.5531,"name":"Layer_36_copy_7","parent":"root"},{"name":"dirt2","parent":"root"},{"name":"wing2","parent":"root"},{"x":-37.8894,"y":-123.3011,"name":"bone9","parent":"fearther"},{"name":"bone11","parent":"fearther"},{"length":24,"x":25.7854,"y":-0.473,"rotation":-0.9155,"name":"zig1","parent":"zig"},{"length":47,"x":43.9465,"y":-1.4979,"rotation":-1.0175,"name":"Layer_281","parent":"Layer_28"},{"name":"bone10","parent":"fearther"},{"length":59,"x":46.859,"y":2.2758,"rotation":8.6973,"name":"Layer_36_copy_61","parent":"Layer_36_copy_6"},{"x":54.5864,"y":220.9144,"name":"bone7","parent":"fearther"},{"length":28,"x":38.9472,"y":-1.2485,"rotation":-10.5141,"name":"Layer_36_copy_71","parent":"Layer_36_copy_7"},{"x":-239.538,"y":16.697,"name":"bone8","parent":"fearther"},{"length":85,"x":57.0753,"y":1.1569,"rotation":21.5565,"name":"Layer_282","parent":"Layer_281"},{"length":22,"x":38.1125,"y":-4.0321,"rotation":-38.0911,"name":"Layer_36_copy_72","parent":"Layer_36_copy_71"},{"length":53,"x":68.3691,"y":-0.1808,"rotation":10.8301,"name":"Layer_36_copy_62","parent":"Layer_36_copy_61"},{"x":60.3844,"y":199.2761,"rotation":-165,"name":"bone1","parent":"bone7"},{"length":35,"x":27.4765,"y":-0.7087,"rotation":-25.4896,"name":"zig2","parent":"zig1"},{"length":66,"x":42.291,"y":-0.2526,"rotation":5.3851,"name":"zig3","parent":"zig2"},{"length":70,"x":70.7547,"y":0.4376,"rotation":8.2128,"name":"Layer_36_copy_63","parent":"Layer_36_copy_62"},{"length":19,"x":31.1444,"y":-6.2369,"rotation":-28.203,"name":"Layer_36_copy_73","parent":"Layer_36_copy_72"},{"length":109,"x":92.1806,"y":0.397,"rotation":7.4192,"name":"Layer_283","parent":"Layer_282"},{"length":97,"x":-232.3003,"y":82.3572,"rotation":175.1,"name":"Layer_284","parent":"Layer_283"}],"slots":[{"name":"feathẻ11","bone":"bone10","attachment":"feathẻ1"},{"name":"feathẻ21","bone":"bone11","attachment":"feathẻ2"},{"name":"feathẻ1","bone":"bone7","attachment":"feathẻ1"},{"name":"feathẻ2","bone":"bone8","attachment":"feathẻ2"},{"name":"feathẻ3","bone":"bone9","attachment":"feathẻ3"},{"name":"zig","bone":"zig3","attachment":"zig"},{"name":"HPL_minigame_bag_icon","bone":"bag","attachment":"HPL_minigame_bag_icon"},{"name":"đá","bone":"bone5","attachment":"đá"},{"name":"Layer_36_copy_7","bone":"Layer_36_copy_73","attachment":"bird_3/Layer_36_copy_7"},{"name":"dirt3","bone":"root","attachment":"dirt3"},{"name":"eyes5","bone":"bone3","attachment":"eyes5"},{"name":"eye6","bone":"bone","attachment":"eye6"},{"name":"die_eyes1","bone":"bone6","attachment":"die_eyes1"},{"name":"Layer_28","bone":"Layer_284","attachment":"bird_3/Layer_28"},{"name":"Layer_36_copy_6","bone":"Layer_36_copy_63","attachment":"bird_3/Layer_36_copy_6"},{"name":"root","bone":"eyes","attachment":"eyes4"},{"name":"dirt1","bone":"dirrt","attachment":"dirt1"},{"name":"dirt2","bone":"dirt2","attachment":"dirt2"},{"name":"dirt4","bone":"root","attachment":"dirt4"},{"name":"root1","bone":"bone2","attachment":"Comp 1_00000"}],"skins":{"default":{"eye6":{"eye6":{"name":"eye6","width":39,"height":53,"x":-129.06,"y":15.15,"path":"Bird_body7"}},"dirt4":{"dirt4":{"name":"dirt4","width":212,"height":104,"hull":22,"triangles":[11,8,10,10,8,9,11,7,8,11,22,7,22,6,7,12,22,11,23,22,12,13,23,12,5,6,22,23,5,22,13,24,23,23,4,5,24,4,23,14,25,13,25,24,13,24,3,4,15,16,14,16,25,14,25,3,24,18,25,17,17,25,16,18,26,25,25,2,3,26,2,25,19,26,18,19,20,26,26,1,2,0,1,26,20,0,26,20,21,0],"uvs":[0.02406,0.36779,0.07594,0.45433,0.15142,0.56442,0.28373,0.71731,0.42689,0.80048,0.59033,0.89135,0.70991,0.94615,0.8342,0.9649,0.9191,0.92019,0.96156,0.82115,0.95684,0.68221,0.79009,0.59663,0.76816,0.4351,0.45047,0.30433,0.43467,0.17644,0.40165,0.0726,0.35283,0.05337,0.26321,0.0149,0.19882,0.0375,0.08396,0.1274,0.01462,0.24712,0.00684,0.29808,0.73205,0.80474,0.51813,0.7182,0.40634,0.60281,0.2554,0.44224,0.14832,0.32685],"edges":[0,2,2,4,4,6,6,8,8,10,10,12,12,14,14,16,16,18,18,20,20,22,22,24,24,26,26,28,28,30,30,32,32,34,34,36,36,38,38,40,40,42,42,0],"vertices":[3,21,-30.76,-22.75,0.839724,27,-101.6,-3.54,0.118921,31,-171.16,20.69,0.041355,3,21,-16.85,-25.65,0.865025,27,-88.48,-9,0.102965,31,-158.95,13.41,0.03201,3,21,2.63,-28.41,0.834759,27,-69.87,-15.37,0.131604,31,-141.44,4.44,0.033637,3,21,34.86,-29.55,0.662356,27,-38.43,-22.55,0.291201,31,-111.35,-7.15,0.046443,3,27,-6.88,-22.12,0.499746,21,65.77,-23.2,0.459236,31,-80.06,-11.23,0.041018,3,27,29.03,-21.22,0.69963,21,100.86,-15.57,0.1579,31,-44.39,-15.47,0.14247,3,27,54.95,-19.4,0.597455,31,-18.48,-17.37,0.352812,21,125.98,-8.91,0.049733,3,31,7.87,-15.42,0.783174,27,80.75,-13.7,0.194474,21,150.25,1.54,0.022351,3,31,24.99,-8.17,0.960965,27,96.65,-4.08,0.033333,21,164.07,13.98,0.005702,3,31,32.37,3.35,0.994643,27,102.31,8.38,0.004461,21,167.29,27.27,0.000895,3,31,29.25,17.49,0.868184,27,97.21,21.93,0.109133,21,159.72,39.62,0.022683,3,27,60.79,20.3,0.488402,31,-7.02,21.08,0.467446,21,124.26,31.18,0.044151,3,27,51.51,35.06,0.490055,31,-14.1,37.02,0.38388,21,112.38,43.93,0.126065,3,21,46.36,24.88,0.613794,27,-16.91,28.75,0.341451,31,-82.72,40.54,0.044755,3,21,37.25,35.12,0.59754,27,-23.94,40.52,0.332747,31,-87.99,53.2,0.069713,3,21,26.05,41.47,0.618321,27,-33.74,48.86,0.301529,31,-96.51,62.85,0.08015,3,21,15.94,38.46,0.69237,27,-44.23,47.8,0.241417,31,-107.04,63.3,0.066213,3,21,-2.75,33.23,0.809575,27,-63.58,46.18,0.145737,31,-126.42,64.46,0.044688,3,21,-13.77,24.84,0.873882,27,-75.98,40.01,0.095598,31,-139.58,60.12,0.03052,3,21,-31.05,5.29,0.8812,27,-96.62,24.06,0.088196,31,-162.28,47.29,0.030604,3,21,-38.33,-12.54,0.838693,27,-107.12,7.91,0.118258,31,-174.99,32.81,0.043049,3,21,-37.35,-18,0.830656,27,-107.18,2.36,0.124245,31,-175.84,27.32,0.045099,3,27,55.21,-3.96,0.92265,31,-16.01,-2.13,0.072806,21,123.34,6.3,0.004544,3,27,9.19,-8.36,0.850382,21,78.97,-6.67,0.134239,31,-62.19,0.08,0.015379,3,21,52.4,-6.98,0.856183,27,-16.96,-3.68,0.138411,31,-87.4,8.46,0.005405,3,21,16.31,-6.95,0.979702,27,-52.41,3.13,0.017178,31,-121.51,20.26,0.00312,3,21,-9.37,-6.8,0.972682,27,-77.6,8.11,0.021412,31,-145.73,28.78,0.005906],"type":"mesh"}},"feathẻ2":{"feathẻ2":{"name":"feathẻ2","width":90,"height":98}},"feathẻ11":{"feathẻ1":{"name":"feathẻ1","width":77,"height":73}},"dirt3":{"dirt3":{"name":"dirt3","width":105,"height":109,"hull":29,"triangles":[15,13,14,15,12,13,15,16,12,16,11,12,17,34,16,16,34,11,34,10,11,18,34,17,33,10,34,18,33,34,19,20,18,20,33,18,33,9,10,32,33,20,33,8,9,21,32,20,7,8,33,22,31,21,31,32,21,32,6,33,6,7,33,29,24,25,26,29,25,23,31,22,27,29,26,29,23,24,5,6,32,29,30,23,30,31,23,31,4,32,28,0,29,0,30,29,27,28,29,4,5,32,2,3,30,0,1,30,30,3,31,3,4,31,1,2,30],"uvs":[0.1481,0.03119,0.0619,0.11422,0,0.19266,0,0.36651,0.01857,0.57431,0.07,0.73578,0.1481,0.82936,0.24238,0.92248,0.35857,0.98211,0.46095,0.99954,0.58238,0.97431,0.7819,0.91239,0.91143,0.85275,0.98714,0.80046,1,0.69174,0.86286,0.71009,0.77143,0.72294,0.70381,0.67615,0.59048,0.6656,0.5419,0.56972,0.45048,0.55413,0.4181,0.41606,0.36143,0.32248,0.31286,0.19266,0.36667,0.11239,0.37762,0.03899,0.35333,0,0.28571,0,0.20762,0.00275,0.28869,0.0709,0.16965,0.18512,0.1806,0.36447,0.24822,0.60622,0.40727,0.80117,0.64203,0.88695],"edges":[0,2,2,4,4,6,6,8,8,10,10,12,12,14,14,16,16,18,18,20,20,22,22,24,24,26,26,28,28,30,30,32,32,34,34,36,36,38,38,40,40,42,42,44,44,46,46,48,48,50,50,52,52,54,54,56,56,0],"vertices":[3,32,17.69,16.4,0.672263,26,54.48,-0.14,0.260133,23,80.91,-37.76,0.067604,3,32,6.58,22.75,0.504287,26,47.69,10.71,0.397182,23,82.25,-25.03,0.098531,3,26,40.82,18.96,0.44975,32,-3.38,26.77,0.425737,23,81.93,-14.29,0.124513,3,26,22.35,23.2,0.497937,32,-21.67,21.79,0.317394,23,70.01,0.44,0.184669,3,26,-0.16,26.38,0.461863,23,54.26,16.83,0.344567,32,-43,13.95,0.19357,3,23,38.99,27.12,0.443443,26,-18.53,25.06,0.419851,32,-58.56,4.11,0.136706,3,23,26.2,29.89,0.500405,26,-30.3,19.35,0.380166,32,-66.25,-6.49,0.11943,3,23,12.12,31.56,0.552486,26,-42.41,11.98,0.333005,32,-73.43,-18.71,0.11451,3,23,-1.45,28.94,0.646349,26,-51.48,1.54,0.256454,32,-76.5,-32.19,0.097197,3,23,-11.01,23.66,0.735817,26,-55.74,-8.51,0.187706,32,-75.5,-43.06,0.076476,3,23,-19.19,13.51,0.817098,26,-55.92,-21.55,0.127155,32,-69.49,-54.64,0.055747,3,23,-31.24,-4.92,0.787801,26,-54.04,-43.48,0.138723,32,-57.47,-73.08,0.073477,3,23,-37.73,-18.52,0.703973,26,-50.75,-58.19,0.184112,32,-47.62,-84.49,0.111915,3,23,-40.32,-27.95,0.649116,26,-46.97,-67.21,0.211294,32,-40.03,-90.66,0.139591,3,23,-33.92,-38.02,0.606957,26,-35.73,-71.18,0.230369,32,-28.24,-88.84,0.162673,3,23,-23.98,-27.41,0.702816,26,-34.45,-56.7,0.18458,32,-33.96,-75.47,0.112604,3,23,-17.4,-20.28,0.794058,26,-33.66,-47.03,0.134442,32,-37.83,-66.58,0.0715,3,23,-8.67,-19.78,0.817122,26,-27.1,-41.26,0.123512,32,-34.78,-58.39,0.059366,3,23,1.31,-13.19,0.890272,26,-23.32,-29.92,0.081165,32,-36.8,-46.61,0.028563,3,23,11.84,-18.11,0.678983,26,-11.99,-27.29,0.245291,32,-28.06,-38.94,0.075726,3,23,20.38,-13.4,0.655196,26,-8.18,-18.31,0.298521,32,-28.95,-29.23,0.046283,3,26,7.25,-18.37,0.579746,23,32.48,-22.96,0.23251,32,-15.32,-21.99,0.187744,3,26,18.52,-14.86,0.555419,32,-7.05,-13.56,0.384691,23,43.52,-27.15,0.05989,3,32,5.26,-4.92,0.999699,26,33.45,-13.06,0.000271,23,56.39,-34.95,0.00003,3,32,15.19,-8.07,0.978509,26,40.72,-20.52,0.017587,23,57.5,-45.3,0.003903,3,32,23.21,-7.07,0.983435,26,48.26,-23.44,0.012867,23,61.63,-52.25,0.003698,3,32,26.64,-3.49,0.960387,26,52.97,-21.91,0.030392,23,66.29,-53.95,0.009221,3,32,24.77,3.36,0.919496,26,54.56,-14.99,0.062897,23,71.81,-49.48,0.017607,3,32,22.32,11.19,0.792638,26,56.1,-6.93,0.163059,23,77.99,-44.1,0.044302,3,32,17.39,1.02,0.950369,26,46.96,-13.56,0.040716,23,66.71,-43.67,0.008915,3,32,2.09,9.81,0.572968,26,37.62,1.42,0.37902,23,68.6,-26.13,0.048011,3,26,18.31,4.68,0.760381,32,-16.47,3.55,0.17548,23,55.41,-11.65,0.064138,3,26,-8.96,3.66,0.490921,23,33.32,4.37,0.471703,32,-40.02,-10.23,0.037375,3,23,6.97,10.4,0.822357,26,-33.41,-7.85,0.140852,32,-56.13,-31.93,0.036791,3,23,-18.07,2.17,0.89463,26,-48.04,-29.78,0.073226,32,-58.66,-58.17,0.032144],"type":"mesh"}},"Layer_28":{"bird_3/Layer_28":{"name":"bird_3/Layer_28","width":491,"height":348,"hull":48,"path":"Bird_body1","triangles":[13,14,15,16,13,15,19,20,18,18,20,17,20,12,17,17,12,16,12,13,16,52,12,22,26,52,22,22,12,20,21,22,20,32,52,26,23,24,22,24,26,22,29,32,26,25,26,24,52,11,12,51,10,11,52,51,11,27,29,26,31,32,29,30,31,29,28,29,27,50,9,51,32,51,52,51,9,10,50,8,9,32,33,51,33,50,51,34,50,33,50,7,8,34,35,50,49,7,50,35,49,50,49,48,7,5,6,7,48,5,7,35,36,49,36,37,49,37,48,49,38,48,37,48,4,5,38,39,48,48,3,4,39,40,48,44,3,48,44,2,3,40,43,48,43,44,48,44,45,2,41,43,40,42,43,41,45,46,2,47,1,2,46,47,2,47,0,1],"uvs":[-0.00204,1.00417,0.03941,1.00417,0.09867,0.98621,0.18198,0.95057,0.23625,0.94871,0.3334,0.91667,0.37882,0.89698,0.42801,0.80819,0.49114,0.80632,0.54409,0.80632,0.63534,0.72773,0.71375,0.65661,0.78371,0.58161,0.91527,0.58161,1.00204,0.56164,1.00204,0.42759,0.98259,0.37601,0.98259,0.30905,0.98259,0.21408,0.96568,0.14325,0.91527,0.12328,0.87607,0.08003,0.84531,0.06796,0.84247,-0.00431,0.75571,-0.00431,0.7167,0.01681,0.6999,0.08003,0.64939,0.04454,0.60193,0.06423,0.58514,0.13534,0.55143,0.17486,0.54022,0.24985,0.56262,0.31307,0.48422,0.30115,0.41721,0.31696,0.35265,0.37227,0.27709,0.41552,0.21272,0.4671,0.17087,0.50632,0.14277,0.54583,0.10092,0.60532,0.07292,0.625,0.05051,0.65244,0.04755,0.7158,0.05316,0.77112,0.03636,0.80273,0,0.85805,-0.00194,0.94468,0.20692,0.74741,0.35804,0.58161,0.4616,0.56178,0.57078,0.52227,0.63513,0.47098],"edges":[0,2,2,4,4,6,6,8,8,10,10,12,12,14,14,16,16,18,18,20,20,22,22,24,24,26,26,28,28,30,30,32,32,34,34,36,36,38,38,40,40,42,42,44,44,46,46,48,48,50,50,52,52,54,54,56,56,58,58,60,60,62,62,64,64,66,66,68,68,70,70,72,72,74,74,76,76,78,78,80,80,82,82,84,84,86,86,88,88,90,90,92,92,94,94,0],"vertices":[2,33,132.96,4.97,0.970428,25,223.39,22.5,0.029572,2,33,118.26,19.04,0.972872,25,206.99,34.55,0.027128,3,33,92.91,34.64,0.877985,25,179.84,46.74,0.094227,19,207.16,110.71,0.027788,3,33,54.78,53.95,0.645925,25,139.54,60.97,0.280941,19,164.45,109.13,0.073133,4,4,184.49,111.31,0.069572,33,35.07,71.9,0.467499,25,117.68,76.22,0.351385,19,138.52,115.28,0.111544,4,4,135.55,113.54,0.134115,25,72.63,95.48,0.338393,33,-7.11,96.81,0.327388,19,89.55,116.65,0.200104,4,4,112.23,113.01,0.177093,25,50.61,103.16,0.311746,33,-27.96,107.27,0.269977,19,66.24,115.7,0.241184,4,4,80.59,89.83,0.24566,19,35.02,91.97,0.294767,25,12.85,92.56,0.290984,33,-66.77,101.64,0.168589,4,4,50.58,97.63,0.309667,19,4.87,99.23,0.307396,25,-12.52,110.39,0.245217,34,-138.72,-52.28,0.137721,4,4,25.56,104.69,0.314902,19,-20.27,105.85,0.297172,25,-33.47,125.79,0.203723,34,-118.47,-68.58,0.184204,4,4,-24.99,90.55,0.34432,34,-66.42,-75.36,0.301071,19,-70.56,90.81,0.22973,25,-85.77,130.27,0.12488,4,4,-68.76,77.19,0.291875,34,-20.91,-80.21,0.45393,19,-114.09,76.67,0.165076,25,-131.45,133.12,0.089118,3,4,-108.91,61.41,0.254419,34,22.21,-81.42,0.600017,19,-153.95,60.18,0.145564,2,4,-171.08,78.96,0.295105,34,72.54,-121.92,0.704895,1,34,110.09,-143.21,1,1,34,139.33,-106.87,1,1,34,143.15,-86.9,1,1,34,157.76,-68.74,1,1,34,178.48,-43,1,1,34,187.46,-18.59,1,1,34,172.54,2.34,1,1,34,166.98,26.14,1,1,34,157.85,38.88,1,1,34,172.53,59.35,1,1,34,139.34,86.06,1,2,4,-130.66,-136.69,0.201915,34,119.81,92.34,0.798085,3,4,-116.74,-117.76,0.168027,34,99.59,80.37,0.714527,19,-158.6,-119.1,0.117446,3,4,-96.23,-136.38,0.235987,34,88.01,105.54,0.590279,19,-137.76,-137.35,0.173735,3,4,-71.95,-136.12,0.281717,34,65.57,114.81,0.506644,19,-113.48,-136.66,0.211639,4,4,-57.28,-114.55,0.265762,34,43.62,100.7,0.429852,19,-99.2,-114.83,0.1893,25,-187.96,-50.45,0.115086,4,4,-37.62,-105.81,0.295016,34,22.11,100.36,0.369341,19,-79.7,-105.74,0.212185,25,-166.48,-49.17,0.123457,4,4,-25.23,-82.19,0.328539,34,1.46,83.48,0.348458,19,-67.73,-81.9,0.214966,25,-146.6,-31.39,0.108037,4,4,-29.84,-58.02,0.344577,34,-3.76,59.44,0.413505,19,-72.77,-57.83,0.169793,25,-142.44,-7.15,0.072125,4,4,6.08,-72.48,0.356827,19,-36.6,-71.64,0.289637,34,-31.16,86.81,0.220346,25,-113.87,-33.29,0.13319,4,4,39.24,-76.13,0.326278,19,-3.38,-74.7,0.339212,25,-84.1,-48.34,0.201584,34,-60.24,103.16,0.132926,4,4,74.98,-66.22,0.252406,19,32.18,-64.16,0.36688,25,-47.15,-51.6,0.309078,34,-97,108.03,0.071635,4,4,114.77,-61.81,0.14575,25,-8.35,-61.44,0.38616,19,71.89,-59.05,0.361521,33,-107.67,-48.33,0.106569,4,4,150.06,-53.12,0.108079,25,27.75,-65.68,0.402394,19,107.01,-49.73,0.285732,33,-72.43,-57.2,0.203795,4,4,173.55,-45.57,0.085533,25,52.39,-66.85,0.407162,33,-48.14,-61.54,0.298021,19,130.36,-41.77,0.209285,4,4,190.56,-36.09,0.066071,25,71.65,-63.94,0.412166,33,-28.66,-61.15,0.369478,19,147.21,-31.98,0.152285,4,4,215.97,-21.75,0.04763,33,0.5,-60.39,0.433869,25,100.47,-59.42,0.419658,19,172.35,-17.2,0.098843,4,4,231.06,-18.9,0.049377,33,15.17,-64.94,0.454176,25,115.61,-62.05,0.400224,19,187.39,-14.07,0.096224,3,33,29.72,-65.65,0.517265,25,130.13,-60.86,0.388314,19,200.46,-7.64,0.09442,3,33,46.01,-50.71,0.636643,25,144.35,-43.95,0.300211,19,207.48,13.32,0.063146,3,33,57.32,-34.9,0.787915,25,153.53,-26.81,0.177237,19,209.72,32.63,0.034848,3,33,70.89,-32.66,0.846206,25,166.69,-22.83,0.125415,19,220.5,41.17,0.028379,2,33,97.09,-31.08,0.924742,25,192.48,-17.89,0.075258,2,33,118.62,-9.95,0.988121,25,211.09,5.85,0.011879,4,4,179.31,39.98,0.002992,25,87.8,11.24,0.499623,33,-2.94,11.32,0.490395,19,134.61,43.88,0.006989,4,4,92.22,4.61,0.010363,19,48.16,6.97,0.684482,25,-6.16,8.68,0.301647,33,-96.44,20.91,0.003507,4,4,41.41,11.79,0.487603,19,-2.77,13.24,0.479942,25,-51.22,33.23,0.023564,34,-96.67,23.11,0.008891,4,4,-13.91,13.12,0.768903,34,-46.29,0.22,0.1312,19,-58.1,13.59,0.07895,25,-102.56,53.88,0.020947,4,4,-49.17,4.53,0.053942,34,-10.48,-5.69,0.925132,19,-93.21,4.37,0.015105,25,-138.59,58.21,0.005821],"type":"mesh"}},"dirt1":{"dirt1":{"name":"dirt1","width":56,"height":56,"x":-84.32,"y":65.44}},"feathẻ1":{"feathẻ1":{"name":"feathẻ1","width":77,"height":73}},"Layer_36_copy_6":{"bird_3/Layer_36_copy_6":{"name":"bird_3/Layer_36_copy_6","width":298,"height":139,"hull":48,"path":"Bird_body2","triangles":[9,10,11,12,9,11,14,9,13,13,9,12,17,14,16,18,19,14,8,9,14,51,8,14,18,14,17,19,51,14,20,51,19,21,51,20,25,23,24,25,22,23,26,22,25,27,21,26,26,21,22,51,7,8,28,29,21,29,50,21,50,51,21,27,28,21,50,7,51,32,30,31,33,30,32,53,50,29,33,34,30,34,29,30,6,7,50,35,36,29,36,53,29,34,35,29,53,6,50,49,53,36,53,5,6,39,37,38,41,49,36,39,40,37,40,36,37,49,5,53,40,41,36,4,5,49,52,49,41,43,52,41,43,41,42,3,4,49,52,3,49,44,48,52,44,52,43,2,3,52,48,2,52,47,1,45,1,2,48,45,1,48,45,48,44,47,0,1,46,47,45,16,14,15],"uvs":[0,0.52086,0.04715,0.61906,0.12651,0.7536,0.2057,0.82122,0.32181,0.93129,0.42131,0.99496,0.49698,0.99964,0.62416,0.99964,0.76426,0.99964,0.88591,0.99964,1,0.95647,1,0.84676,0.97282,0.77014,0.91779,0.71547,0.89228,0.71547,0.9396,0.68237,0.9396,0.6277,0.89614,0.54532,0.8552,0.49892,0.81812,0.4741,0.79128,0.46871,0.76443,0.46871,0.79631,0.43561,0.83339,0.42518,0.84883,0.4,0.82701,0.33993,0.78993,0.27662,0.74262,0.25468,0.69664,0.25468,0.65067,0.26835,0.68255,0.20863,0.71963,0.14784,0.7146,0.11223,0.67232,0.08741,0.62383,0.08741,0.56879,0.10396,0.52399,0.15324,0.54195,0.09317,0.56359,0.0464,0.54195,0.01906,0.49329,0.02734,0.44094,0.06835,0.44983,0,0.35906,0,0.19933,0.0795,0.07903,0.20576,0.01124,0.29317,0,0.40827,0.19664,0.28201,0.42047,0.54532,0.64044,0.72338,0.71963,0.77014,0.29765,0.38633,0.4844,0.57266],"edges":[0,2,2,4,4,6,6,8,8,10,10,12,12,14,14,16,16,18,18,20,20,22,22,24,24,26,26,28,28,30,30,32,32,34,34,36,36,38,38,40,40,42,42,44,44,46,46,48,48,50,50,52,52,54,54,56,56,58,58,60,60,62,62,64,64,66,66,68,68,70,70,72,72,74,74,76,76,78,78,80,80,82,82,84,84,86,86,88,88,90,90,92,92,94,94,0],"vertices":[3,6,-8.88,-57.26,0.59806,21,-64.1,-50.42,0.301897,27,-139.55,-24.46,0.100043,4,6,10.52,-59.97,0.497485,21,-45.34,-56.04,0.344392,27,-122.18,-33.5,0.111493,31,-195.8,-6.03,0.04663,4,6,40.65,-61.09,0.41805,21,-15.72,-61.7,0.38486,27,-94.15,-44.62,0.143709,31,-169.65,-21.04,0.053381,4,6,65.24,-54.73,0.3695,21,9.55,-59.13,0.378658,27,-68.85,-46.84,0.190905,31,-144.92,-26.86,0.060937,4,6,102.19,-46.63,0.203332,21,47.3,-56.71,0.374235,27,-31.31,-51.56,0.330712,31,-108.45,-36.89,0.091721,4,6,131.35,-36.25,0.110886,27,-0.37,-51.53,0.395765,21,77.69,-50.86,0.357915,31,-77.82,-41.27,0.135433,4,6,149.92,-23.45,0.073802,27,21.42,-45.67,0.439199,21,97.99,-41.02,0.286095,31,-55.42,-38.59,0.200905,4,6,180.5,-1.06,0.029476,27,57.72,-34.79,0.4654,31,-17.93,-33,0.406615,21,131.6,-23.5,0.098509,4,6,214.18,23.61,0.017229,31,23.36,-26.85,0.730103,27,97.71,-22.8,0.208937,21,168.63,-4.21,0.043731,3,31,59.22,-21.51,0.913751,27,132.44,-12.39,0.065386,21,200.77,12.54,0.020863,3,31,91.96,-10.56,0.93567,27,163.28,3.12,0.045648,21,228.16,33.57,0.018682,3,31,89.71,4.52,0.952531,27,158.9,17.73,0.033796,21,221.11,47.09,0.013673,3,31,80.13,13.86,0.959633,27,148.08,25.61,0.029178,21,209,52.79,0.011188,3,31,62.79,18.96,0.933593,27,130.19,28.18,0.049714,21,190.95,51.96,0.016693,4,6,221.62,78.02,0.007593,31,55.27,17.84,0.92327,27,122.91,25.99,0.052831,21,184.21,48.44,0.016307,3,31,68.54,24.47,0.906683,27,135.1,34.45,0.068492,21,194.59,59.04,0.024825,3,31,67.42,31.99,0.852597,27,132.92,41.73,0.107333,21,191.08,65.78,0.04007,4,6,208.58,97.78,0.032468,31,52.93,41.4,0.71297,27,117.22,48.98,0.187361,21,174.3,69.95,0.067201,4,6,194.92,95.77,0.040033,31,39.91,45.98,0.622204,27,103.68,51.65,0.251244,21,160.5,70.03,0.086519,4,6,183.97,92.03,0.043852,31,28.47,47.77,0.555592,27,92.11,51.78,0.301059,21,149.11,67.99,0.099497,4,6,177.07,87.91,0.044255,31,20.45,47.33,0.518437,27,84.23,50.2,0.332231,21,141.67,64.96,0.105077,4,6,170.62,83.18,0.043546,31,12.53,46.15,0.484942,27,76.57,47.91,0.362368,21,134.57,61.26,0.109145,4,6,175.57,92.5,0.05057,31,21.25,52.1,0.496739,27,84.35,55.04,0.336094,21,140.87,69.73,0.116598,4,6,183.62,100.2,0.052907,31,31.97,55.16,0.528219,27,94.51,59.6,0.304671,21,150,76.12,0.114203,4,6,185.27,105.74,0.057522,31,36,59.3,0.523293,27,97.92,64.28,0.29931,21,152.46,81.35,0.119874,4,6,175.09,108.64,0.068818,31,28.34,66.61,0.462014,27,89.29,70.41,0.326661,21,142.84,85.75,0.142507,4,6,160.98,109.21,0.082502,31,16.12,73.68,0.400011,27,76.18,75.66,0.346764,21,128.97,88.45,0.170723,4,6,147.8,103.34,0.090663,31,1.72,74.62,0.359614,27,61.8,74.54,0.355452,21,115.06,84.64,0.194271,4,6,136.75,95.25,0.097156,27,48.67,70.6,0.355495,31,-11.83,72.6,0.327511,21,102.91,78.31,0.219838,4,6,126.81,85.62,0.103225,27,36.1,64.85,0.360707,31,-25.1,68.7,0.283537,21,91.64,70.29,0.252531,4,6,129.58,97.93,0.112098,27,42.81,75.53,0.342638,31,-16.93,78.31,0.304485,21,96.23,82.05,0.240779,4,6,133.5,111.27,0.119294,27,50.97,86.79,0.331567,31,-7.24,88.3,0.318235,21,102.12,94.64,0.230903,4,6,129.36,114.38,0.128714,27,48.11,91.1,0.323973,31,-9.46,92.97,0.307907,21,98.51,98.34,0.239407,4,6,117.16,109.72,0.145663,27,35.05,90.79,0.315233,31,-22.43,94.53,0.275311,21,85.74,95.58,0.263793,4,6,105.5,101.18,0.16253,27,21.21,86.64,0.311745,21,72.92,88.9,0.288997,31,-36.72,92.4,0.236728,4,6,93.63,89.64,0.183434,21,59.44,79.29,0.315276,27,6.16,79.73,0.311794,31,-52.6,87.7,0.189496,4,6,86.9,76.22,0.1938,21,50.77,67.04,0.341378,27,-4.66,69.33,0.317759,31,-64.8,78.96,0.147063,4,6,86.29,86.12,0.202042,21,51.65,76.92,0.323312,27,-1.93,78.87,0.307352,31,-60.74,88.01,0.167294,4,6,87.65,95.18,0.202381,21,54.37,85.66,0.309842,27,2.38,86.95,0.300772,31,-55.31,95.39,0.187005,4,6,80.2,94.43,0.221791,21,46.9,86.05,0.313103,27,-4.89,88.73,0.293586,31,-62.25,98.2,0.17152,4,6,69.18,84.94,0.253786,21,34.57,78.33,0.331217,27,-18.45,83.47,0.278141,31,-76.43,94.92,0.136855,4,6,59.96,71.12,0.291759,21,23.37,66.07,0.362094,27,-31.75,73.53,0.246419,31,-91.02,86.98,0.099728,4,6,56.49,80.35,0.294825,21,21.33,75.72,0.344318,27,-31.94,83.39,0.247577,31,-89.79,96.77,0.11328,4,6,34.67,64.37,0.373345,21,-2.66,63.22,0.386318,27,-57.85,75.62,0.170634,31,-116.55,92.78,0.069703,4,6,2.79,27.33,0.728347,21,-39.77,31.43,0.211712,27,-100.28,51.37,0.042858,31,-162,74.84,0.017083,3,6,-15.76,-8.01,0.912728,21,-63.46,-0.7,0.070853,27,-129.58,24.26,0.016419,3,6,-24.88,-29.75,0.760671,21,-75.76,-20.81,0.185358,27,-145.44,6.82,0.05397,3,6,-18.13,-44.64,0.679036,21,-71.34,-36.55,0.245334,27,-144.05,-9.47,0.07563,4,6,18.78,4.15,0.976376,21,-27.47,6.1,0.021192,27,-92.96,24.17,0.001819,31,-158.64,46.88,0.000613,4,6,94.22,14.03,0.006198,21,48.59,4.45,0.945986,27,-18.56,8.27,0.045481,31,-87.28,20.51,0.002335,4,6,161.72,32.79,0.000709,27,51.34,3.39,0.967491,31,-18.79,5.69,0.028771,21,118.16,12.79,0.003029,4,6,184.61,41.49,0.000331,31,5.51,2.74,0.984833,27,75.81,3.94,0.013812,21,142.09,17.93,0.001024,4,6,51.63,10.23,0.187481,21,5.92,7.14,0.799855,27,-59.96,18.93,0.010323,31,-126.73,36.97,0.002342,4,6,111.83,22.22,0.011187,27,0.78,10.1,0.604286,21,67.24,9.89,0.372172,31,-67.87,19.56,0.012355],"type":"mesh"}},"feathẻ21":{"feathẻ2":{"name":"feathẻ2","width":90,"height":98}},"die_eyes1":{"die_eyes1":{"name":"die_eyes1","width":134,"height":76,"x":-79.76,"y":5.2}},"feathẻ3":{"feathẻ3":{"name":"feathẻ3","width":80,"height":80}},"đá":{"đá":{"name":"đá","width":50,"height":53,"x":-92.67,"y":-60.89}},"eyes5":{"eyes5":{"name":"eyes5","width":108,"height":87,"x":-52.78,"y":-6.76,"path":"Bird_body6"}},"Layer_36_copy_7":{"bird_3/Layer_36_copy_7":{"name":"bird_3/Layer_36_copy_7","width":149,"height":136,"hull":41,"path":"Bird_body3","triangles":[16,17,15,13,14,12,12,14,11,14,10,11,14,9,10,17,14,15,44,9,14,18,44,14,18,14,17,19,44,18,44,8,9,43,44,19,21,19,20,23,24,21,22,23,21,24,43,19,21,24,19,25,43,24,44,7,8,6,7,44,43,6,44,26,27,25,27,30,25,30,43,25,43,5,6,43,4,5,42,43,30,28,30,27,3,4,43,29,30,28,2,3,43,31,41,30,41,42,30,32,41,31,1,2,43,33,41,32,0,1,43,42,40,43,40,0,43,39,40,42,35,42,41,34,41,33,35,36,42,34,35,41,37,38,42,38,39,42,36,37,42],"uvs":[0.02685,0.65404,0.0896,0.73971,0.18255,0.85478,0.26174,0.9261,0.3245,0.96654,0.4151,1.00074,0.51275,1.00074,0.66644,1.00074,0.80101,0.93346,0.90101,0.84926,0.9755,0.75515,1,0.71213,1,0.59449,0.98725,0.5614,0.92685,0.57426,0.97081,0.52831,0.97315,0.42721,0.92886,0.44706,0.8547,0.45956,0.83591,0.44449,0.8594,0.37868,0.8406,0.33309,0.79664,0.26176,0.7594,0.2864,0.70336,0.31691,0.6802,0.30441,0.6755,0.2261,0.62919,0.16912,0.57081,0.11912,0.54765,0.10625,0.51275,0.15184,0.4755,0.08051,0.43389,0.03493,0.3547,0,0.26174,0,0.16644,0.05478,0.07349,0.14191,0.02215,0.23309,0,0.28456,0,0.41618,0,0.55147,0.32483,0.08235,0.28054,0.30404,0.40369,0.54596,0.73389,0.85404],"edges":[0,2,2,4,4,6,6,8,8,10,10,12,12,14,14,16,16,18,18,20,20,22,22,24,24,26,26,28,28,30,30,32,32,34,34,36,36,38,38,40,40,42,42,44,44,46,46,48,48,50,50,52,52,54,54,56,56,58,58,60,60,62,62,64,64,66,66,68,68,70,70,72,72,74,74,76,76,78,78,80,80,0],"vertices":[4,13,101.6,27.86,0.125812,26,-12.89,45.91,0.359191,23,56.29,40.05,0.33968,32,-63.45,25.14,0.175317,4,13,87.83,33.65,0.153029,23,41.69,43.23,0.368732,26,-26.34,39.4,0.337507,32,-72.23,13.06,0.140732,4,13,68.19,40.81,0.233918,23,21.08,46.69,0.36975,26,-44.7,29.41,0.281555,32,-83.68,-4.42,0.114778,4,13,53.2,43.72,0.307229,23,5.81,46.81,0.371665,26,-56.79,20.09,0.224442,32,-89.94,-18.36,0.096664,4,13,42.36,44.1,0.354431,23,-4.92,45.21,0.37915,26,-64.25,12.21,0.18335,32,-92.78,-28.83,0.083069,4,13,28.27,41.76,0.417657,23,-18.34,40.34,0.372005,26,-71.81,0.09,0.141675,32,-93.72,-43.08,0.068662,4,13,15.48,34.83,0.507676,23,-29.66,31.19,0.332459,26,-75.07,-14.09,0.105569,32,-89.89,-57.11,0.054295,4,13,-4.66,23.92,0.737751,23,-47.46,16.79,0.172845,26,-80.2,-36.41,0.056481,32,-83.86,-79.21,0.032924,4,13,-17.93,6.32,0.851011,23,-57.3,-2.93,0.093417,26,-75.77,-58,0.033776,32,-69.76,-96.14,0.021795,4,13,-25.57,-10.84,0.763618,23,-61.69,-21.2,0.138465,26,-67.95,-75.08,0.057452,32,-54.79,-107.51,0.040465,4,13,-29.24,-27.38,0.644137,23,-62.27,-38.14,0.193843,26,-57.96,-88.77,0.091956,32,-39.52,-114.85,0.070064,4,13,-29.66,-34.27,0.59846,23,-61.43,-44.98,0.212025,26,-53.08,-93.64,0.106089,32,-32.92,-116.83,0.083426,4,13,-22.04,-48.33,0.512166,23,-51.37,-57.42,0.24346,26,-37.49,-97.22,0.133107,32,-17.48,-112.62,0.111267,4,13,-18.22,-51.38,0.489052,23,-47.06,-59.73,0.251413,26,-32.68,-96.38,0.140365,32,-13.64,-109.6,0.11917,4,13,-11.14,-45.56,0.511836,23,-41.16,-52.71,0.251746,26,-32.36,-87.22,0.130106,32,-17.7,-101.38,0.106312,4,13,-13.93,-54.17,0.4642,23,-42.33,-61.69,0.259508,26,-27.74,-95,0.148286,32,-9.95,-106.05,0.128005,4,13,-7.68,-66.43,0.388861,23,-33.95,-72.6,0.270742,26,-14.42,-98.42,0.175754,32,3.41,-102.77,0.164643,4,13,-3.17,-60.91,0.396051,23,-30.52,-66.35,0.276272,26,-15.57,-91.38,0.171463,32,-0.93,-97.12,0.156214,4,13,5.74,-54.15,0.387733,23,-23,-58.08,0.291432,26,-14.75,-80.23,0.170862,32,-5.48,-86.9,0.149973,4,13,9.18,-54.62,0.36992,23,-19.53,-57.91,0.295503,26,-12.13,-77.96,0.17729,32,-4.24,-83.66,0.157287,4,13,10.36,-64.16,0.330389,23,-16.62,-67.07,0.284834,26,-4.19,-83.38,0.195129,32,5.32,-84.68,0.189648,4,13,15.78,-68.28,0.299264,23,-10.55,-70.13,0.277378,32,10.56,-80.35,0.216085,26,2.48,-82.04,0.207273,4,13,26.16,-73.69,0.252361,32,18.2,-71.48,0.268181,23,0.64,-73.56,0.253262,26,13.4,-77.83,0.226197,4,13,29.44,-68.1,0.252395,32,13.51,-67.01,0.26134,23,2.85,-67.46,0.257838,26,11.38,-71.67,0.228427,4,13,34.81,-60.47,0.246186,23,6.74,-58.98,0.264249,32,7.31,-60.04,0.255002,26,9.21,-62.6,0.234563,4,13,38.65,-60.32,0.227664,32,8.04,-56.27,0.273165,23,10.49,-58.14,0.255889,26,11.64,-59.62,0.243282,4,13,44.34,-69.35,0.185284,32,18.13,-52.79,0.34215,26,22.17,-61.33,0.253519,23,17.73,-65.98,0.219047,4,13,54.1,-72.88,0.136887,32,23.79,-44.09,0.424531,26,31.27,-56.34,0.256175,23,27.97,-67.66,0.182407,4,13,64.99,-74.72,0.092086,32,28.06,-33.91,0.530821,26,39.85,-49.38,0.237193,23,39.01,-67.48,0.139899,4,13,68.85,-74.61,0.077865,32,28.84,-30.12,0.574018,26,42.33,-46.41,0.224524,23,42.79,-66.67,0.123593,4,13,70.47,-66.68,0.065931,32,21.49,-26.74,0.587392,26,37.45,-39.96,0.230792,23,42.94,-58.58,0.115885,4,13,79.97,-72.57,0.040818,32,29.39,-18.83,0.721774,26,48.15,-36.72,0.164289,23,53.35,-62.64,0.07312,4,13,88.38,-75.07,0.028561,32,33.74,-11.22,0.792925,26,55.58,-32.07,0.126198,23,62.07,-63.56,0.052316,4,13,101.02,-73.62,0.020087,32,35.22,1.42,0.83725,26,62.85,-21.63,0.10385,23,74.23,-59.83,0.038813,4,13,113.19,-67.02,0.024249,32,31.57,14.78,0.77895,26,65.95,-8.13,0.146777,23,85,-51.12,0.050025,4,13,122.13,-53.71,0.035943,32,20.65,26.52,0.617394,26,61.88,7.37,0.265038,23,91.36,-36.4,0.081626,4,13,128.66,-36.69,0.050026,32,5.57,36.76,0.439987,26,53.43,23.53,0.38578,23,94.68,-18.48,0.124207,4,13,129.48,-22.15,0.058283,26,43.06,33.76,0.412261,32,-8.4,40.88,0.374747,23,92.83,-4.03,0.154709,4,13,129.05,-14.42,0.065101,26,36.98,38.54,0.412197,32,-16.02,42.22,0.345617,23,90.99,3.49,0.177085,4,13,120.52,1.32,0.080091,26,19.53,42.56,0.395213,32,-33.29,37.51,0.284517,23,79.74,17.41,0.24018,4,13,111.76,17.5,0.104975,26,1.6,46.68,0.369082,23,68.17,31.72,0.306995,32,-51.04,32.67,0.218949,4,13,99.59,-61.65,0.002697,32,23.24,2.76,0.970166,26,52.93,-14.79,0.021152,23,70.65,-48.32,0.005985,4,13,91.03,-32,0.001844,26,25.03,-1.6,0.826085,32,-7.58,1.2,0.164387,23,56.82,-20.73,0.007684,4,13,59.23,-11.81,0.029334,23,21.87,-6.69,0.815989,26,-11.15,-12.11,0.134665,32,-34.49,-25.16,0.020012,4,13,-3.99,1.59,0.985716,23,-42.73,-5.04,0.009823,26,-63.01,-50.67,0.002782,32,-61.97,-83.65,0.001678],"type":"mesh"}},"root1":{"Comp 1_00033":{"name":"Comp 1_00033","width":500,"height":500},"Comp 1_00032":{"name":"Comp 1_00032","width":500,"height":500},"Comp 1_00031":{"name":"Comp 1_00031","width":500,"height":500},"Comp 1_00030":{"name":"Comp 1_00030","width":500,"height":500},"Comp 1_00029":{"name":"Comp 1_00029","width":500,"height":500},"Comp 1_00028":{"name":"Comp 1_00028","width":500,"height":500},"Comp 1_00027":{"name":"Comp 1_00027","width":49,"height":42},"Comp 1_00026":{"name":"Comp 1_00026","width":72,"height":71},"Comp 1_00025":{"name":"Comp 1_00025","width":500,"height":500},"Comp 1_00024":{"name":"Comp 1_00024","width":500,"height":500},"Comp 1_00023":{"name":"Comp 1_00023","width":500,"height":500},"Comp 1_00022":{"name":"Comp 1_00022","width":500,"height":500},"Comp 1_00021":{"name":"Comp 1_00021","width":71,"height":62},"Comp 1_00020":{"name":"Comp 1_00020","width":103,"height":103},"Comp 1_00019":{"name":"Comp 1_00019","width":500,"height":500},"Comp 1_00018":{"name":"Comp 1_00018","width":500,"height":500},"Comp 1_00017":{"name":"Comp 1_00017","width":500,"height":500},"Comp 1_00016":{"name":"Comp 1_00016","width":500,"height":500},"Comp 1_00015":{"name":"Comp 1_00015","width":500,"height":500},"Comp 1_00014":{"name":"Comp 1_00014","width":34,"height":34},"Comp 1_00013":{"name":"Comp 1_00013","width":91,"height":97},"Comp 1_00012":{"name":"Comp 1_00012","width":48,"height":48},"Comp 1_00011":{"name":"Comp 1_00011","width":500,"height":500},"Comp 1_00010":{"name":"Comp 1_00010","width":44,"height":44},"Comp 1_00009":{"name":"Comp 1_00009","width":116,"height":124},"Comp 1_00008":{"name":"Comp 1_00008","width":60,"height":62},"Comp 1_00007":{"name":"Comp 1_00007","width":500,"height":500},"Comp 1_00006":{"name":"Comp 1_00006","width":500,"height":500},"Comp 1_00005":{"name":"Comp 1_00005","width":500,"height":500},"Comp 1_00004":{"name":"Comp 1_00004","width":500,"height":500},"Comp 1_00003":{"name":"Comp 1_00003","width":500,"height":500},"Comp 1_00002":{"name":"Comp 1_00002","width":29,"height":29},"Comp 1_00001":{"name":"Comp 1_00001","width":77,"height":82},"Comp 1_00000":{"name":"Comp 1_00000","width":40,"height":41}},"dirt2":{"dirt2":{"name":"dirt2","width":144,"height":95,"x":69.88,"y":84.06}},"HPL_minigame_bag_icon":{"HPL_minigame_bag_icon":{"name":"HPL_minigame_bag_icon","width":252,"height":212,"x":-70.97,"y":-87.82}},"root":{"eyes4":{"name":"eyes4","width":135,"height":79},"eyes3":{"name":"eyes3","width":135,"height":79},"eyes2":{"name":"eyes2","width":133,"height":79},"eyes1":{"name":"eyes1","width":133,"height":79}},"zig":{"zig":{"name":"zig","width":221,"height":99,"hull":31,"path":"Bird_body4","triangles":[12,10,11,33,10,13,14,33,13,13,10,12,33,9,10,33,32,9,32,8,9,15,33,14,15,16,33,16,32,33,17,32,16,32,7,8,18,7,32,18,31,7,31,6,7,17,18,32,19,31,18,31,5,6,20,31,19,21,31,20,22,23,31,23,25,31,35,5,31,22,31,21,25,35,31,35,4,5,24,25,23,34,3,35,27,34,35,26,35,25,35,3,4,26,27,35,34,2,3,29,2,34,28,29,34,27,28,34,29,1,2,30,1,29,30,0,1],"uvs":[0.0009,0.99848,0.05294,0.99848,0.14548,0.91313,0.27647,0.82677,0.38733,0.77222,0.48665,0.73687,0.58597,0.72677,0.68756,0.68586,0.77805,0.65,0.85475,0.54444,0.94955,0.33333,1,0.17222,0.98122,0.06566,0.94729,0.00051,0.85701,0.00051,0.78484,0.00051,0.73959,0.08081,0.68982,0.19596,0.65385,0.26212,0.61765,0.18232,0.58824,0.15707,0.56335,0.11111,0.5362,0.07576,0.50249,0.03485,0.46629,0.00556,0.38733,0.13687,0.28778,0.26212,0.20204,0.42374,0.13869,0.5803,0.07104,0.78232,0.01674,0.90808,0.54761,0.36747,0.71933,0.30181,0.82318,0.16091,0.20666,0.7003,0.38517,0.47353],"edges":[0,2,2,4,4,6,6,8,8,10,10,12,12,14,14,16,16,18,18,20,20,22,22,24,24,26,26,28,28,30,30,32,32,34,34,36,36,38,38,40,40,42,42,44,44,46,46,48,48,50,50,52,52,54,54,56,56,58,58,60,60,0],"vertices":[3,30,127.89,21.64,0.729206,29,167.58,33.3,0.167739,18,193.08,-42.77,0.103055,4,1,208.89,-39.51,0.060975,30,116.79,24.68,0.711938,29,156.25,35.28,0.142388,18,183.7,-36.1,0.0847,4,1,187.41,-34.19,0.036524,30,94.84,21.94,0.812116,29,134.65,30.49,0.098185,18,162.14,-31.14,0.053175,4,1,159.02,-23.93,0.020059,30,64.66,21.34,0.876451,29,104.66,27.06,0.07147,18,133.6,-21.32,0.032021,4,1,136.09,-13.76,0.028848,30,39.6,22.61,0.771369,29,79.6,25.97,0.148014,18,110.5,-11.52,0.051769,4,1,116.34,-3.57,0.038887,30,17.51,25.03,0.576725,29,57.37,26.31,0.302935,18,90.59,-1.65,0.081453,4,1,98.06,8.64,0.05676,29,35.58,29.12,0.412839,30,-3.93,29.87,0.385795,18,72.12,10.26,0.144606,4,1,77.58,18.68,0.093873,29,12.77,29,0.408982,18,51.48,19.98,0.297999,30,-26.65,31.9,0.199147,4,1,59.37,27.67,0.146269,29,-7.55,28.96,0.378252,18,33.13,28.68,0.373975,30,-46.88,33.76,0.101505,4,1,39.52,29.3,0.270089,18,13.26,29.99,0.372309,29,-26.04,21.59,0.292555,30,-65.98,28.16,0.065047,4,1,10.26,24.88,0.496241,18,-15.93,25.1,0.347571,29,-50.29,4.62,0.120449,30,-91.71,13.54,0.035738,4,1,-8.17,18.64,0.710132,18,-34.26,18.57,0.19371,29,-64.02,-9.17,0.070317,30,-106.68,1.1,0.025841,4,1,-11.08,7.68,0.842645,18,-36.99,7.57,0.10745,29,-61.76,-20.28,0.03626,30,-105.47,-10.17,0.013645,4,1,-8.86,-1.96,0.910892,18,-34.62,-2.04,0.06239,29,-55.48,-27.92,0.019451,30,-99.94,-18.37,0.007267,4,1,7.2,-13.78,0.678295,18,-18.37,-13.6,0.246671,29,-35.83,-31.37,0.056814,30,-80.7,-23.65,0.01822,4,1,20.05,-23.23,0.411349,18,-5.37,-22.85,0.403073,29,-20.12,-34.12,0.141536,30,-65.31,-27.86,0.044042,4,1,32.82,-22.76,0.295937,18,7.39,-22.17,0.410835,29,-8.9,-28.01,0.233687,30,-53.57,-22.84,0.059542,4,1,48.43,-20.09,0.118885,29,3.9,-18.68,0.412875,18,22.96,-19.25,0.388743,30,-39.95,-14.75,0.079496,4,1,58.72,-19.53,0.057631,29,12.87,-13.6,0.585629,18,33.23,-18.53,0.25292,30,-30.55,-10.53,0.103821,4,1,60.48,-30.63,0.090537,29,19.38,-22.77,0.450192,18,35.17,-29.6,0.233077,30,-24.92,-20.26,0.226194,4,1,64.24,-36.5,0.088041,29,25.35,-26.35,0.417038,30,-19.31,-24.39,0.299168,18,39.02,-35.41,0.195753,4,1,65.97,-43.42,0.096355,29,29.98,-31.78,0.381473,30,-15.21,-30.24,0.336384,18,40.87,-42.3,0.185788,4,1,68.73,-49.8,0.099399,29,35.29,-36.26,0.366879,30,-10.35,-35.2,0.35853,18,43.73,-48.63,0.175193,4,1,72.33,-57.47,0.104412,30,-4.23,-41.07,0.37005,29,41.93,-41.54,0.355685,18,47.45,-56.25,0.169853,4,1,77.05,-64.55,0.107723,30,2.72,-45.98,0.378154,29,49.31,-45.78,0.347581,18,52.29,-63.25,0.166542,4,1,98.81,-64.42,0.071322,30,22.98,-38.06,0.510303,29,68.74,-35.98,0.303703,18,74.04,-62.77,0.114673,4,1,123.88,-67.47,0.046767,30,47.47,-31.91,0.704737,29,92.55,-27.57,0.176219,18,99.16,-65.42,0.072277,4,1,148.63,-65.81,0.020227,30,69.98,-21.49,0.884272,29,113.98,-15.08,0.065317,18,123.87,-63.37,0.030184,4,1,169.09,-61.62,0.019636,30,87.58,-10.24,0.895787,29,130.44,-2.23,0.05607,18,144.26,-58.85,0.028507,4,1,192.99,-54.37,0.041818,30,107.28,5.1,0.79464,29,148.62,14.89,0.104709,18,168.04,-51.22,0.058832,4,1,210.03,-51.46,0.061553,30,122.15,13.94,0.712867,29,162.59,25.09,0.141098,18,185.04,-48.03,0.084482,4,1,83.81,-25.04,0.006886,29,37.79,-7.38,0.519302,30,-5.15,-6.68,0.455247,18,58.41,-23.64,0.018565,4,1,49.39,-7.79,0.026177,18,23.72,-6.94,0.50323,29,-0.71,-7.24,0.457839,30,-43.47,-2.92,0.012753,4,1,22.64,-5.42,0.475387,18,-3.07,-5,0.502911,29,-25.72,-17.02,0.018178,30,-69.29,-10.31,0.003524,4,1,164.03,-43.15,0.005632,30,76.23,5.19,0.967557,29,117.7,12.07,0.018231,18,138.91,-40.47,0.008579,4,1,118.95,-37.86,0.003147,30,32.25,-6.04,0.969141,29,74.97,-3.24,0.021972,18,93.75,-35.89,0.005741],"type":"mesh"}}}},"animations":{"die":{"bones":{"root":{"translate":[{"time":0,"curve":"stepped"},{"time":1.4667},{"time":2.2667,"y":-268.82}],"rotate":[{"time":0,"curve":"stepped","angle":0},{"time":1.4667,"angle":0},{"time":2.2667,"angle":-180},{"time":2.6667,"angle":0}],"shear":[{"time":0,"curve":"stepped"},{"time":1.4667},{"time":2.2667},{"time":2.6667}]},"Layer_36_copy_6":{"rotate":[{"time":0,"angle":0},{"time":1.0667,"angle":15},{"time":2,"angle":26}],"shear":[{"time":0},{"time":1.0667},{"time":2}]},"Layer_36_copy_61":{"rotate":[{"time":0,"angle":0},{"time":1.0667,"angle":-29.7},{"time":2,"angle":0}],"scale":[{"time":0,"x":1,"y":1},{"time":1.0667,"x":1.15,"y":1.2},{"time":2,"x":1,"y":1}],"shear":[{"time":0},{"time":1.0667},{"time":2}]},"Layer_36_copy_62":{"rotate":[{"time":0,"angle":0},{"time":1.0667,"angle":-31.83},{"time":2,"angle":0}],"scale":[{"time":0,"x":1,"y":1},{"time":1.0667,"x":1.15,"y":1.2},{"time":2,"x":1,"y":1}],"shear":[{"time":0},{"time":1.0667},{"time":2}]},"Layer_36_copy_63":{"rotate":[{"time":0,"angle":0},{"time":1.0667,"angle":-29.21},{"time":2,"angle":0}],"scale":[{"time":0,"x":1,"y":1},{"time":1.0667,"x":1.15,"y":1.2},{"time":2,"x":1,"y":1}],"shear":[{"time":0},{"time":1.0667},{"time":2}]},"Layer_36_copy_7":{"translate":[{"time":0},{"time":1.0667,"x":18.79,"y":-13.6},{"time":2}],"rotate":[{"time":0,"angle":0},{"time":1.0667,"angle":-11},{"time":2,"angle":-65}],"shear":[{"time":0},{"time":1.0667},{"time":2}]},"Layer_36_copy_71":{"rotate":[{"time":0,"angle":0},{"time":1.0667,"angle":23.51},{"time":2,"angle":0}],"scale":[{"time":0,"x":1,"y":1},{"time":1.0667,"x":1.25,"y":1.1},{"time":2,"x":1,"y":1}],"shear":[{"time":0},{"time":1.0667},{"time":2}]},"Layer_36_copy_72":{"rotate":[{"time":0,"angle":0},{"time":1.0667,"angle":51.09},{"time":2,"angle":0}],"scale":[{"time":0,"x":1,"y":1},{"time":1.0667,"x":1.25,"y":1.1},{"time":2,"x":1,"y":1}],"shear":[{"time":0},{"time":1.0667},{"time":2}]},"Layer_36_copy_73":{"rotate":[{"time":0,"angle":0},{"time":1.0667,"angle":41.2},{"time":2,"angle":0}],"scale":[{"time":0,"x":1,"y":1},{"time":1.0667,"x":1.25,"y":1.1},{"time":2,"x":1,"y":1}],"shear":[{"time":0},{"time":1.0667},{"time":2}]},"Layer_281":{"translate":[{"time":0},{"time":1.0667,"x":-7.36,"y":-0.78},{"time":2}],"scale":[{"time":0,"x":1,"y":1},{"time":1,"x":1,"y":1.1},{"time":2,"x":1,"y":1}]},"Layer_284":{"rotate":[{"time":0,"angle":0},{"time":2,"angle":-49}],"scale":[{"time":0,"x":1,"y":1},{"time":1.0667,"x":0.95,"y":1.25},{"time":2,"x":1,"y":1}],"shear":[{"time":0},{"time":2}]},"zig3":{"rotate":[{"time":0,"angle":0},{"time":1.0667,"angle":12}],"scale":[{"time":0,"x":1,"y":1},{"time":1.0667,"x":0.9,"y":1.4},{"time":2,"x":1,"y":1}],"shear":[{"time":0},{"time":1.0667}]},"eyes":{"translate":[{"time":0},{"time":0.4667,"x":3.17},{"time":1,"x":6.35},{"time":1.3333,"x":5.19},{"time":2}]},"bone":{"translate":[{"time":0},{"time":1,"x":-6.06,"y":3.48},{"time":2}],"scale":[{"time":0,"x":1,"y":1},{"time":1,"x":0.9,"y":0.9},{"time":2,"x":1,"y":1}]},"bone3":{"translate":[{"time":0},{"time":1,"x":-2.96},{"time":2}],"scale":[{"time":0,"x":1,"y":1},{"time":1,"x":0.9,"y":0.9},{"time":2,"x":1,"y":1}]},"bone5":{"translate":[{"time":0},{"time":1,"x":8.06,"y":10.3},{"time":2}]},"bone6":{"translate":[{"time":0,"x":-4.37,"y":0.49},{"time":1,"x":6.31,"y":2.43},{"time":2,"x":-4.37,"y":0.49}]},"bone7":{"translate":[{"time":0,"x":-49.45,"y":-148.6},{"time":1,"y":-181.8},{"time":1.5333}],"rotate":[{"time":0,"curve":"stepped","angle":0},{"time":1.5333,"angle":-180}],"scale":[{"time":0,"curve":"stepped","x":1,"y":1},{"time":1.3333,"x":0.55,"y":0.6},{"time":1.5333,"x":1,"y":1}],"shear":[{"time":0,"curve":"stepped"},{"time":1.5333}]},"bone8":{"translate":[{"time":0,"x":224.13},{"time":1,"x":219.05},{"time":1.5333}],"rotate":[{"time":0,"curve":"stepped","angle":0},{"time":1.5333,"angle":-180}],"scale":[{"time":0,"curve":"stepped","x":1,"y":1},{"time":1.2667,"x":0.8,"y":0.6},{"time":1.5334,"x":1,"y":1}],"shear":[{"time":0,"curve":"stepped"},{"time":1.5333}]},"bone9":{"translate":[{"time":0,"y":159.84},{"time":1,"x":24.47,"y":143.14},{"time":1.4667,"x":-74.14,"y":249.48},{"time":1.5334}],"rotate":[{"time":0,"curve":"stepped","angle":0},{"time":1.5333,"angle":-175}],"scale":[{"time":0,"curve":"stepped","x":1,"y":1},{"time":1.2667,"x":0.75,"y":0.7},{"time":1.5334,"x":1,"y":1}],"shear":[{"time":0,"curve":"stepped"},{"time":1.5333}]},"bone10":{"translate":[{"time":0,"x":-18.6,"y":40.25},{"time":0.9333,"x":-18.6,"y":40.25},{"time":1.4666,"x":349.59,"y":70.1}]},"bone11":{"translate":[{"time":0,"x":-18.6,"y":40.25},{"time":0.9333,"x":-18.6,"y":40.25},{"time":1.4666,"x":87.09,"y":-55.36}]}},"slots":{"Layer_36_copy_7":{"color":[{"time":0,"curve":"stepped","color":"FFFFFFFF"},{"time":1.4667,"color":"FFFFFFFF"},{"time":2.2667,"color":"FFFFFF00"}]},"Layer_28":{"color":[{"time":0,"curve":"stepped","color":"FFFFFFFF"},{"time":1.4667,"color":"FFFFFFFF"},{"time":2.2667,"color":"FFFFFF00"}]},"Layer_36_copy_6":{"color":[{"time":0,"curve":"stepped","color":"FFFFFFFF"},{"time":1.4667,"color":"FFFFFFFF"},{"time":2.2667,"color":"FFFFFF00"}]},"zig":{"color":[{"time":0,"curve":"stepped","color":"FFFFFFFF"},{"time":1.4667,"color":"FFFFFFFF"},{"time":2.2667,"color":"FFFFFF00"}]},"root":{"attachment":[{"time":0,"name":""},{"time":0.0667,"name":"eyes4"},{"time":0.1334,"name":"eyes3"},{"time":0.2001,"name":"eyes2"},{"time":0.2668,"name":"eyes1"},{"time":0.3335,"name":"eyes2"},{"time":0.4002,"name":"eyes3"},{"time":0.4669,"name":"eyes4"},{"time":0.5336,"name":""}]},"eyes5":{"color":[{"time":0,"curve":"stepped","color":"FFFFFFFF"},{"time":0.8667,"color":"FFFFFFFF"},{"time":1,"color":"FFFFFF00"}]},"eye6":{"color":[{"time":0,"curve":"stepped","color":"FFFFFFFF"},{"time":0.8667,"color":"FFFFFFFF"},{"time":1,"color":"FFFFFF00"}]},"die_eyes1":{"color":[{"time":0,"color":"FFFFFF00"},{"time":0.8667,"color":"FFFFFF00"},{"time":1,"color":"FFFFFFFF"},{"time":1.4667,"color":"FFFFFFFF"},{"time":2.2667,"color":"FFFFFF00"}]},"đá":{"color":[{"time":0,"color":"FFFFFF00"},{"time":0.8667,"color":"FFFFFF00"},{"time":1,"color":"FFFFFFFF"},{"time":1.4667,"color":"FFFFFFFF"},{"time":2,"color":"FFFFFF00"}]},"feathẻ1":{"color":[{"time":0,"curve":"stepped","color":"FFFFFFFF"},{"time":1,"color":"FFFFFFFF"},{"time":1.6,"color":"FFFFFF00"}]},"feathẻ2":{"color":[{"time":0,"curve":"stepped","color":"FFFFFFFF"},{"time":1,"color":"FFFFFFFF"},{"time":1.6,"color":"FFFFFF00"}]},"feathẻ3":{"color":[{"time":0,"curve":"stepped","color":"FFFFFFFF"},{"time":1,"color":"FFFFFFFF"},{"time":1.6,"color":"FFFFFF00"}]},"feathẻ11":{"color":[{"time":0,"curve":"stepped","color":"FFFFFFFF"},{"time":0.8667,"color":"FFFFFFFF"},{"time":1.4667,"color":"FFFFFF00"}]},"feathẻ21":{"color":[{"time":0,"curve":"stepped","color":"FFFFFFFF"},{"time":0.8667,"color":"FFFFFFFF"},{"time":1.4667,"color":"FFFFFF00"}]},"dirt1":{"color":[{"time":0,"curve":"stepped","color":"FFFFFFFF"},{"time":1.4667,"color":"FFFFFFFF"},{"time":2.2667,"color":"FFFFFF00"}]},"dirt2":{"color":[{"time":0,"curve":"stepped","color":"FFFFFFFF"},{"time":1.4,"color":"FFFFFFFF"},{"time":2.2667,"color":"FFFFFF00"}]},"dirt3":{"color":[{"time":0,"curve":"stepped","color":"FFFFFFFF"},{"time":1.4667,"color":"FFFFFFFF"},{"time":2.2667,"color":"FFFFFF00"}]},"dirt4":{"color":[{"time":0,"curve":"stepped","color":"FFFFFFFF"},{"time":1.4667,"color":"FFFFFFFF"},{"time":2.2667,"color":"FFFFFF00"}]},"HPL_minigame_bag_icon":{"color":[{"time":0,"curve":"stepped","color":"FFFFFFFF"},{"time":1.4667,"color":"FFFFFFFF"},{"time":2.2667,"color":"FFFFFF00"}]},"root1":{"attachment":[{"time":0,"name":""}]}}},"fly":{"bones":{"Layer_36_copy_6":{"rotate":[{"time":0,"angle":0},{"time":1.0667,"angle":15},{"time":2,"angle":0}],"shear":[{"time":0},{"time":1.0667},{"time":2}]},"Layer_36_copy_61":{"rotate":[{"time":0,"angle":0},{"time":1.0667,"angle":-29.7},{"time":2,"angle":0}],"scale":[{"time":0,"x":1,"y":1},{"time":1.0667,"x":1.15,"y":1.2},{"time":2,"x":1,"y":1}],"shear":[{"time":0},{"time":1.0667},{"time":2}]},"Layer_36_copy_62":{"rotate":[{"time":0,"angle":0},{"time":1.0667,"angle":-31.83},{"time":2,"angle":0}],"scale":[{"time":0,"x":1,"y":1},{"time":1.0667,"x":1.15,"y":1.2},{"time":2,"x":1,"y":1}],"shear":[{"time":0},{"time":1.0667},{"time":2}]},"Layer_36_copy_63":{"rotate":[{"time":0,"angle":0},{"time":1.0667,"angle":-29.21},{"time":2,"angle":0}],"scale":[{"time":0,"x":1,"y":1},{"time":1.0667,"x":1.15,"y":1.2},{"time":2,"x":1,"y":1}],"shear":[{"time":0},{"time":1.0667},{"time":2}]},"Layer_36_copy_7":{"translate":[{"time":0},{"time":1.0667,"x":18.79,"y":-13.6},{"time":2}],"rotate":[{"time":0,"angle":0},{"time":1.0667,"angle":-11},{"time":2,"angle":0}],"shear":[{"time":0},{"time":1.0667},{"time":2}]},"Layer_36_copy_71":{"rotate":[{"time":0,"angle":0},{"time":1.0667,"angle":23.51},{"time":2,"angle":0}],"scale":[{"time":0,"x":1,"y":1},{"time":1.0667,"x":1.25,"y":1.1},{"time":2,"x":1,"y":1}],"shear":[{"time":0},{"time":1.0667},{"time":2}]},"Layer_36_copy_72":{"rotate":[{"time":0,"angle":0},{"time":1.0667,"angle":51.09},{"time":2,"angle":0}],"scale":[{"time":0,"x":1,"y":1},{"time":1.0667,"x":1.25,"y":1.1},{"time":2,"x":1,"y":1}],"shear":[{"time":0},{"time":1.0667},{"time":2}]},"Layer_36_copy_73":{"rotate":[{"time":0,"angle":0},{"time":1.0667,"angle":41.2},{"time":2,"angle":0}],"scale":[{"time":0,"x":1,"y":1},{"time":1.0667,"x":1.25,"y":1.1},{"time":2,"x":1,"y":1}],"shear":[{"time":0},{"time":1.0667},{"time":2}]},"Layer_281":{"translate":[{"time":0},{"time":1.0667,"x":-7.36,"y":-0.78},{"time":2}]},"Layer_284":{"scale":[{"time":0,"x":1,"y":1},{"time":1.0667,"x":0.95,"y":1.25},{"time":2,"x":1,"y":1}]},"zig3":{"rotate":[{"time":0,"angle":0},{"time":1.0667,"angle":12},{"time":2,"angle":0}],"scale":[{"time":0,"x":1,"y":1},{"time":1.0667,"x":0.9,"y":1.4},{"time":2,"x":1,"y":1}],"shear":[{"time":0},{"time":1.0667},{"time":2}]},"eyes":{"translate":[{"time":0},{"time":0.4667,"x":3.17},{"time":1,"x":6.35},{"time":1.3333,"x":5.19}]},"bone":{"translate":[{"time":0},{"time":1,"x":-6.06,"y":3.48},{"time":2}],"scale":[{"time":0,"x":1,"y":1},{"time":1,"x":0.9,"y":0.9},{"time":2,"x":1,"y":1}]},"bone3":{"translate":[{"time":0,"x":-2.67,"y":5.81},{"time":1,"x":-1.65,"y":9.04},{"time":2,"x":-2.67,"y":5.81}],"scale":[{"time":0,"x":1,"y":1},{"time":1,"x":0.9,"y":0.9},{"time":2,"x":1,"y":1}]},"bag":{"translate":[{"time":0},{"time":1,"x":2.67,"y":2.67},{"time":2}]},"bone2":{"translate":[{"time":0,"x":-77.79,"y":-142.28}]}},"slots":{"root":{"attachment":[{"time":0,"name":""},{"time":0.0667,"name":"eyes4"},{"time":0.1334,"name":"eyes3"},{"time":0.2001,"name":"eyes2"},{"time":0.2668,"name":"eyes1"},{"time":0.3335,"name":"eyes2"},{"time":0.4002,"name":"eyes3"},{"time":0.4669,"name":"eyes4"},{"time":0.5336,"name":""},{"time":1.0003,"name":"eyes4"},{"time":1.067,"name":"eyes3"},{"time":1.1337,"name":"eyes2"},{"time":1.2004,"name":"eyes1"},{"time":1.2671,"name":"eyes2"},{"time":1.3338,"name":"eyes3"},{"time":1.4005,"name":"eyes4"},{"time":1.4672,"name":""}]},"die_eyes1":{"color":[{"time":0,"color":"FFFFFF00"}]},"đá":{"color":[{"time":0,"color":"FFFFFF00"}]},"feathẻ1":{"color":[{"time":0,"color":"FFFFFF00"}]},"feathẻ2":{"color":[{"time":0,"color":"FFFFFF00"}]},"feathẻ3":{"color":[{"time":0,"color":"FFFFFF00"}]},"feathẻ11":{"color":[{"time":0,"color":"FFFFFF00"}]},"feathẻ21":{"color":[{"time":0,"color":"FFFFFF00"}]},"dirt1":{"color":[{"time":0,"color":"FFFFFF00"}]},"dirt2":{"color":[{"time":0,"color":"FFFFFF00"}]},"dirt3":{"color":[{"time":0,"color":"FFFFFF00"}]},"dirt4":{"color":[{"time":0,"color":"FFFFFF00"}]},"root1":{"attachment":[{"time":0,"name":"Comp 1_00000"},{"time":0.0667,"name":"Comp 1_00001"},{"time":0.1334,"name":"Comp 1_00002"},{"time":0.2001,"name":"Comp 1_00003"},{"time":0.2668,"name":"Comp 1_00004"},{"time":0.3335,"name":"Comp 1_00005"},{"time":0.4002,"name":"Comp 1_00006"},{"time":0.4669,"name":"Comp 1_00007"},{"time":0.5336,"name":"Comp 1_00008"},{"time":0.6003,"name":"Comp 1_00009"},{"time":0.667,"name":"Comp 1_00010"},{"time":0.7337,"name":"Comp 1_00011"},{"time":0.8004,"name":"Comp 1_00012"},{"time":0.8671,"name":"Comp 1_00013"},{"time":0.9338,"name":"Comp 1_00014"},{"time":1.0005,"name":"Comp 1_00015"},{"time":1.0672,"name":"Comp 1_00016"},{"time":1.1339,"name":"Comp 1_00017"},{"time":1.2006,"name":"Comp 1_00018"},{"time":1.2673,"name":"Comp 1_00019"},{"time":1.334,"name":"Comp 1_00020"},{"time":1.4007,"name":"Comp 1_00021"},{"time":1.4674,"name":"Comp 1_00022"},{"time":1.5341,"name":"Comp 1_00023"},{"time":1.6008,"name":"Comp 1_00024"},{"time":1.6675,"name":"Comp 1_00025"},{"time":1.7342,"name":"Comp 1_00026"},{"time":1.8009,"name":"Comp 1_00027"},{"time":1.8676,"name":"Comp 1_00028"}]}}},"fly_2":{"bones":{"Layer_36_copy_6":{"rotate":[{"time":0,"angle":0},{"time":1.0667,"angle":15},{"time":2,"angle":0}],"shear":[{"time":0},{"time":1.0667},{"time":2}]},"Layer_36_copy_61":{"rotate":[{"time":0,"angle":0},{"time":1.0667,"angle":-29.7},{"time":2,"angle":0}],"scale":[{"time":0,"x":1,"y":1},{"time":1.0667,"x":1.15,"y":1.2},{"time":2,"x":1,"y":1}],"shear":[{"time":0},{"time":1.0667},{"time":2}]},"Layer_36_copy_62":{"rotate":[{"time":0,"angle":0},{"time":1.0667,"angle":-31.83},{"time":2,"angle":0}],"scale":[{"time":0,"x":1,"y":1},{"time":1.0667,"x":1.15,"y":1.2},{"time":2,"x":1,"y":1}],"shear":[{"time":0},{"time":1.0667},{"time":2}]},"Layer_36_copy_63":{"rotate":[{"time":0,"angle":0},{"time":1.0667,"angle":-29.21},{"time":2,"angle":0}],"scale":[{"time":0,"x":1,"y":1},{"time":1.0667,"x":1.15,"y":1.2},{"time":2,"x":1,"y":1}],"shear":[{"time":0},{"time":1.0667},{"time":2}]},"Layer_36_copy_7":{"translate":[{"time":0},{"time":1.0667,"x":18.79,"y":-13.6},{"time":2}],"rotate":[{"time":0,"angle":0},{"time":1.0667,"angle":-11},{"time":2,"angle":0}],"shear":[{"time":0},{"time":1.0667},{"time":2}]},"Layer_36_copy_71":{"rotate":[{"time":0,"angle":0},{"time":1.0667,"angle":23.51},{"time":2,"angle":0}],"scale":[{"time":0,"x":1,"y":1},{"time":1.0667,"x":1.25,"y":1.1},{"time":2,"x":1,"y":1}],"shear":[{"time":0},{"time":1.0667},{"time":2}]},"Layer_36_copy_72":{"rotate":[{"time":0,"angle":0},{"time":1.0667,"angle":51.09},{"time":2,"angle":0}],"scale":[{"time":0,"x":1,"y":1},{"time":1.0667,"x":1.25,"y":1.1},{"time":2,"x":1,"y":1}],"shear":[{"time":0},{"time":1.0667},{"time":2}]},"Layer_36_copy_73":{"rotate":[{"time":0,"angle":0},{"time":1.0667,"angle":41.2},{"time":2,"angle":0}],"scale":[{"time":0,"x":1,"y":1},{"time":1.0667,"x":1.25,"y":1.1},{"time":2,"x":1,"y":1}],"shear":[{"time":0},{"time":1.0667},{"time":2}]},"Layer_281":{"translate":[{"time":0},{"time":1.0667,"x":-7.36,"y":-0.78},{"time":2}]},"Layer_284":{"scale":[{"time":0,"x":1,"y":1},{"time":1.0667,"x":0.95,"y":1.25},{"time":2,"x":1,"y":1}]},"zig3":{"rotate":[{"time":0,"angle":0},{"time":1.0667,"angle":12},{"time":2,"angle":0}],"scale":[{"time":0,"x":1,"y":1},{"time":1.0667,"x":0.9,"y":1.4},{"time":2,"x":1,"y":1}],"shear":[{"time":0},{"time":1.0667},{"time":2}]},"eyes":{"translate":[{"time":0},{"time":0.4667,"x":3.17},{"time":1,"x":6.35},{"time":1.3333,"x":5.19}]},"bone":{"translate":[{"time":0},{"time":1,"x":-6.06,"y":3.48},{"time":2}],"scale":[{"time":0,"x":1,"y":1},{"time":1,"x":0.9,"y":0.9},{"time":2,"x":1,"y":1}]},"bone3":{"translate":[{"time":0,"x":-2.67,"y":5.81},{"time":1,"x":-1.65,"y":9.04},{"time":2,"x":-2.67,"y":5.81}],"scale":[{"time":0,"x":1,"y":1},{"time":1,"x":0.9,"y":0.9},{"time":2,"x":1,"y":1}]},"dirrt":{"translate":[{"time":0},{"time":1,"x":7.01,"y":5.83},{"time":2}]},"dirt2":{"translate":[{"time":0},{"time":1,"x":8.87,"y":1.91},{"time":2}]},"bag":{"translate":[{"time":0},{"time":1,"x":2.67,"y":2.67},{"time":2}]},"bone2":{"translate":[{"time":0,"x":-77.49,"y":-142.28}]}},"slots":{"root":{"attachment":[{"time":0,"name":""},{"time":0.0667,"name":"eyes4"},{"time":0.1334,"name":"eyes3"},{"time":0.2001,"name":"eyes2"},{"time":0.2668,"name":"eyes1"},{"time":0.3335,"name":"eyes2"},{"time":0.4002,"name":"eyes3"},{"time":0.4669,"name":"eyes4"},{"time":0.5336,"name":""},{"time":1.0003,"name":"eyes4"},{"time":1.067,"name":"eyes3"},{"time":1.1337,"name":"eyes2"},{"time":1.2004,"name":"eyes1"},{"time":1.2671,"name":"eyes2"},{"time":1.3338,"name":"eyes3"},{"time":1.4005,"name":"eyes4"},{"time":1.4672,"name":""}]},"die_eyes1":{"color":[{"time":0,"color":"FFFFFF00"}]},"đá":{"color":[{"time":0,"color":"FFFFFF00"}]},"feathẻ1":{"color":[{"time":0,"color":"FFFFFF00"}]},"feathẻ2":{"color":[{"time":0,"color":"FFFFFF00"}]},"feathẻ3":{"color":[{"time":0,"color":"FFFFFF00"}]},"feathẻ11":{"color":[{"time":0,"color":"FFFFFF00"}]},"feathẻ21":{"color":[{"time":0,"color":"FFFFFF00"}]},"dirt3":{"color":[{"time":0,"color":"FFFFFF00"}]},"dirt4":{"color":[{"time":0,"color":"FFFFFF00"}]},"root1":{"attachment":[{"time":0,"name":"Comp 1_00000"},{"time":0.0667,"name":"Comp 1_00001"},{"time":0.1334,"name":"Comp 1_00002"},{"time":0.2001,"name":"Comp 1_00003"},{"time":0.2668,"name":"Comp 1_00004"},{"time":0.3335,"name":"Comp 1_00005"},{"time":0.4002,"name":"Comp 1_00006"},{"time":0.4669,"name":"Comp 1_00007"},{"time":0.5336,"name":"Comp 1_00008"},{"time":0.6003,"name":"Comp 1_00009"},{"time":0.667,"name":"Comp 1_00010"},{"time":0.7337,"name":"Comp 1_00011"},{"time":0.8004,"name":"Comp 1_00012"},{"time":0.8671,"name":"Comp 1_00013"},{"time":0.9338,"name":"Comp 1_00014"},{"time":1.0005,"name":"Comp 1_00015"},{"time":1.0672,"name":"Comp 1_00016"},{"time":1.1339,"name":"Comp 1_00017"},{"time":1.2006,"name":"Comp 1_00018"},{"time":1.2673,"name":"Comp 1_00019"},{"time":1.334,"name":"Comp 1_00020"},{"time":1.4007,"name":"Comp 1_00021"},{"time":1.4674,"name":"Comp 1_00022"},{"time":1.5341,"name":"Comp 1_00023"},{"time":1.6008,"name":"Comp 1_00024"},{"time":1.6675,"name":"Comp 1_00025"},{"time":1.7342,"name":"Comp 1_00026"},{"time":1.8009,"name":"Comp 1_00027"},{"time":1.8676,"name":"Comp 1_00028"}]}}},"fly_3":{"bones":{"Layer_36_copy_6":{"rotate":[{"time":0,"angle":0},{"time":1.0667,"angle":15},{"time":2,"angle":0}],"shear":[{"time":0},{"time":1.0667},{"time":2}]},"Layer_36_copy_61":{"rotate":[{"time":0,"angle":0},{"time":1.0667,"angle":-29.7},{"time":2,"angle":0}],"scale":[{"time":0,"x":1,"y":1},{"time":1.0667,"x":1.15,"y":1.2},{"time":2,"x":1,"y":1}],"shear":[{"time":0},{"time":1.0667},{"time":2}]},"Layer_36_copy_62":{"rotate":[{"time":0,"angle":0},{"time":1.0667,"angle":-31.83},{"time":2,"angle":0}],"scale":[{"time":0,"x":1,"y":1},{"time":1.0667,"x":1.15,"y":1.2},{"time":2,"x":1,"y":1}],"shear":[{"time":0},{"time":1.0667},{"time":2}]},"Layer_36_copy_63":{"rotate":[{"time":0,"angle":0},{"time":1.0667,"angle":-29.21},{"time":2,"angle":0}],"scale":[{"time":0,"x":1,"y":1},{"time":1.0667,"x":1.15,"y":1.2},{"time":2,"x":1,"y":1}],"shear":[{"time":0},{"time":1.0667},{"time":2}]},"Layer_36_copy_7":{"translate":[{"time":0},{"time":1.0667,"x":18.79,"y":-13.6},{"time":2}],"rotate":[{"time":0,"angle":0},{"time":1.0667,"angle":-11},{"time":2,"angle":0}],"shear":[{"time":0},{"time":1.0667},{"time":2}]},"Layer_36_copy_71":{"rotate":[{"time":0,"angle":0},{"time":1.0667,"angle":23.51},{"time":2,"angle":0}],"scale":[{"time":0,"x":1,"y":1},{"time":1.0667,"x":1.25,"y":1.1},{"time":2,"x":1,"y":1}],"shear":[{"time":0},{"time":1.0667},{"time":2}]},"Layer_36_copy_72":{"rotate":[{"time":0,"angle":0},{"time":1.0667,"angle":51.09},{"time":2,"angle":0}],"scale":[{"time":0,"x":1,"y":1},{"time":1.0667,"x":1.25,"y":1.1},{"time":2,"x":1,"y":1}],"shear":[{"time":0},{"time":1.0667},{"time":2}]},"Layer_36_copy_73":{"rotate":[{"time":0,"angle":0},{"time":1.0667,"angle":41.2},{"time":2,"angle":0}],"scale":[{"time":0,"x":1,"y":1},{"time":1.0667,"x":1.25,"y":1.1},{"time":2,"x":1,"y":1}],"shear":[{"time":0},{"time":1.0667},{"time":2}]},"Layer_281":{"translate":[{"time":0},{"time":1.0667,"x":-7.36,"y":-0.78},{"time":2}]},"Layer_284":{"scale":[{"time":0,"x":1,"y":1},{"time":1.0667,"x":0.95,"y":1.25},{"time":2,"x":1,"y":1}]},"zig3":{"rotate":[{"time":0,"angle":0},{"time":1.0667,"angle":12},{"time":2,"angle":0}],"scale":[{"time":0,"x":1,"y":1},{"time":1.0667,"x":0.9,"y":1.4},{"time":2,"x":1,"y":1}],"shear":[{"time":0},{"time":1.0667},{"time":2}]},"eyes":{"translate":[{"time":0},{"time":0.4667,"x":3.17},{"time":1,"x":6.35},{"time":1.3333,"x":5.19},{"time":2,"x":-1.25,"y":-0.54}]},"bone":{"translate":[{"time":0},{"time":1,"x":-6.06,"y":3.48},{"time":2}],"scale":[{"time":0,"x":1,"y":1},{"time":1,"x":0.9,"y":0.9},{"time":2,"x":1,"y":1}]},"bone3":{"translate":[{"time":0,"x":-2.67,"y":5.81},{"time":1,"x":-1.65,"y":9.04},{"time":2,"x":-2.67,"y":5.81}],"scale":[{"time":0,"x":1,"y":1},{"time":1,"x":0.9,"y":0.9},{"time":2,"x":1,"y":1}]},"dirrt":{"translate":[{"time":0},{"time":1,"x":7.01,"y":5.83},{"time":2}]},"dirt2":{"translate":[{"time":0},{"time":1,"x":10.84,"y":2.68},{"time":2}]},"bone2":{"translate":[{"time":0,"x":-77.79,"y":-142.28}]}},"slots":{"root":{"attachment":[{"time":0,"name":""},{"time":0.0667,"name":"eyes4"},{"time":0.1334,"name":"eyes3"},{"time":0.2001,"name":"eyes2"},{"time":0.2668,"name":"eyes3"},{"time":0.3335,"name":"eyes4"},{"time":0.4002,"name":"eyes3"},{"time":0.4669,"name":"eyes4"},{"time":0.5336,"name":"eyes3"},{"time":1.0003,"name":"eyes4"},{"time":1.067,"name":"eyes3"},{"time":1.1337,"name":"eyes2"},{"time":1.2004,"name":"eyes3"},{"time":1.2671,"name":"eyes4"},{"time":1.3338,"name":"eyes3"},{"time":1.4005,"name":"eyes2"},{"time":1.4672,"name":"eyes3"}]},"die_eyes1":{"color":[{"time":0,"color":"FFFFFF00"}]},"đá":{"color":[{"time":0,"color":"FFFFFF00"}]},"feathẻ1":{"color":[{"time":0,"color":"FFFFFF00"}]},"feathẻ2":{"color":[{"time":0,"color":"FFFFFF00"}]},"feathẻ3":{"color":[{"time":0,"color":"FFFFFF00"}]},"feathẻ11":{"color":[{"time":0,"color":"FFFFFF00"}]},"feathẻ21":{"color":[{"time":0,"color":"FFFFFF00"}]},"root1":{"attachment":[{"time":0,"name":"Comp 1_00000"},{"time":0.0667,"name":"Comp 1_00001"},{"time":0.1334,"name":"Comp 1_00002"},{"time":0.2001,"name":"Comp 1_00003"},{"time":0.2668,"name":"Comp 1_00004"},{"time":0.3335,"name":"Comp 1_00005"},{"time":0.4002,"name":"Comp 1_00006"},{"time":0.4669,"name":"Comp 1_00007"},{"time":0.5336,"name":"Comp 1_00008"},{"time":0.6003,"name":"Comp 1_00009"},{"time":0.667,"name":"Comp 1_00010"},{"time":0.7337,"name":"Comp 1_00011"},{"time":0.8004,"name":"Comp 1_00012"},{"time":0.8671,"name":"Comp 1_00013"},{"time":0.9338,"name":"Comp 1_00014"},{"time":1.0005,"name":"Comp 1_00015"},{"time":1.0672,"name":"Comp 1_00016"},{"time":1.1339,"name":"Comp 1_00017"},{"time":1.2006,"name":"Comp 1_00018"},{"time":1.2673,"name":"Comp 1_00019"},{"time":1.334,"name":"Comp 1_00020"},{"time":1.4007,"name":"Comp 1_00021"},{"time":1.4674,"name":"Comp 1_00022"},{"time":1.5341,"name":"Comp 1_00023"},{"time":1.6008,"name":"Comp 1_00024"},{"time":1.6675,"name":"Comp 1_00025"},{"time":1.7342,"name":"Comp 1_00026"},{"time":1.8009,"name":"Comp 1_00027"},{"time":1.8676,"name":"Comp 1_00028"}]}}},"fly_1":{"bones":{"Layer_36_copy_6":{"rotate":[{"time":0,"angle":0},{"time":1.0667,"angle":15},{"time":2,"angle":0}],"shear":[{"time":0},{"time":1.0667},{"time":2}]},"Layer_36_copy_61":{"rotate":[{"time":0,"angle":0},{"time":1.0667,"angle":-29.7},{"time":2,"angle":0}],"scale":[{"time":0,"x":1,"y":1},{"time":1.0667,"x":1.15,"y":1.2},{"time":2,"x":1,"y":1}],"shear":[{"time":0},{"time":1.0667},{"time":2}]},"Layer_36_copy_62":{"rotate":[{"time":0,"angle":0},{"time":1.0667,"angle":-31.83},{"time":2,"angle":0}],"scale":[{"time":0,"x":1,"y":1},{"time":1.0667,"x":1.15,"y":1.2},{"time":2,"x":1,"y":1}],"shear":[{"time":0},{"time":1.0667},{"time":2}]},"Layer_36_copy_63":{"rotate":[{"time":0,"angle":0},{"time":1.0667,"angle":-29.21},{"time":2,"angle":0}],"scale":[{"time":0,"x":1,"y":1},{"time":1.0667,"x":1.15,"y":1.2},{"time":2,"x":1,"y":1}],"shear":[{"time":0},{"time":1.0667},{"time":2}]},"Layer_36_copy_7":{"translate":[{"time":0},{"time":1.0667,"x":18.79,"y":-13.6},{"time":2}],"rotate":[{"time":0,"angle":0},{"time":1.0667,"angle":-11},{"time":2,"angle":0}],"shear":[{"time":0},{"time":1.0667},{"time":2}]},"Layer_36_copy_71":{"rotate":[{"time":0,"angle":0},{"time":1.0667,"angle":23.51},{"time":2,"angle":0}],"scale":[{"time":0,"x":1,"y":1},{"time":1.0667,"x":1.25,"y":1.1},{"time":2,"x":1,"y":1}],"shear":[{"time":0},{"time":1.0667},{"time":2}]},"Layer_36_copy_72":{"rotate":[{"time":0,"angle":0},{"time":1.0667,"angle":51.09},{"time":2,"angle":0}],"scale":[{"time":0,"x":1,"y":1},{"time":1.0667,"x":1.25,"y":1.1},{"time":2,"x":1,"y":1}],"shear":[{"time":0},{"time":1.0667},{"time":2}]},"Layer_36_copy_73":{"rotate":[{"time":0,"angle":0},{"time":1.0667,"angle":41.2},{"time":2,"angle":0}],"scale":[{"time":0,"x":1,"y":1},{"time":1.0667,"x":1.25,"y":1.1},{"time":2,"x":1,"y":1}],"shear":[{"time":0},{"time":1.0667},{"time":2}]},"Layer_281":{"translate":[{"time":0},{"time":1.0667,"x":-7.36,"y":-0.78},{"time":2}]},"Layer_284":{"scale":[{"time":0,"x":1,"y":1},{"time":1.0667,"x":0.95,"y":1.25},{"time":2,"x":1,"y":1}]},"zig3":{"rotate":[{"time":0,"angle":0},{"time":1.0667,"angle":12},{"time":2,"angle":0}],"scale":[{"time":0,"x":1,"y":1},{"time":1.0667,"x":0.9,"y":1.4},{"time":2,"x":1,"y":1}],"shear":[{"time":0},{"time":1.0667},{"time":2}]},"eyes":{"translate":[{"time":0},{"time":0.4667,"x":3.17},{"time":1,"x":6.35},{"time":1.3333,"x":5.19}]},"bone":{"translate":[{"time":0},{"time":1,"x":-6.06,"y":3.48},{"time":2}],"scale":[{"time":0,"x":1,"y":1},{"time":1,"x":0.9,"y":0.9},{"time":2,"x":1,"y":1}]},"bone3":{"translate":[{"time":0,"x":-2.67,"y":5.81},{"time":1,"x":-1.65,"y":9.04},{"time":2,"x":-2.67,"y":5.81}],"scale":[{"time":0,"x":1,"y":1},{"time":1,"x":0.9,"y":0.9},{"time":2,"x":1,"y":1}]},"dirrt":{"translate":[{"time":0},{"time":1,"x":8.03,"y":4.7},{"time":2}]},"bone2":{"translate":[{"time":0,"x":-77.79,"y":-142.28}]}},"slots":{"root":{"attachment":[{"time":0,"name":""},{"time":0.0667,"name":"eyes4"},{"time":0.1334,"name":"eyes3"},{"time":0.2001,"name":"eyes2"},{"time":0.2668,"name":"eyes1"},{"time":0.3335,"name":"eyes2"},{"time":0.4002,"name":"eyes3"},{"time":0.4669,"name":"eyes4"},{"time":0.5336,"name":""},{"time":1.0003,"name":"eyes4"},{"time":1.067,"name":"eyes3"},{"time":1.1337,"name":"eyes2"},{"time":1.2004,"name":"eyes1"},{"time":1.2671,"name":"eyes2"},{"time":1.3338,"name":"eyes3"},{"time":1.4005,"name":"eyes4"},{"time":1.4672,"name":""}]},"die_eyes1":{"color":[{"time":0,"color":"FFFFFF00"}]},"đá":{"color":[{"time":0,"color":"FFFFFF00"}]},"feathẻ1":{"color":[{"time":0,"color":"FFFFFF00"}]},"feathẻ2":{"color":[{"time":0,"color":"FFFFFF00"}]},"feathẻ3":{"color":[{"time":0,"color":"FFFFFF00"}]},"feathẻ11":{"color":[{"time":0,"color":"FFFFFF00"}]},"feathẻ21":{"color":[{"time":0,"color":"FFFFFF00"}]},"dirt2":{"color":[{"time":0,"color":"FFFFFF00"}]},"dirt3":{"color":[{"time":0,"color":"FFFFFF00"}]},"dirt4":{"color":[{"time":0,"color":"FFFFFF00"}]},"root1":{"attachment":[{"time":0,"name":"Comp 1_00000"},{"time":0.0667,"name":"Comp 1_00001"},{"time":0.1334,"name":"Comp 1_00002"},{"time":0.2001,"name":"Comp 1_00003"},{"time":0.2668,"name":"Comp 1_00004"},{"time":0.3335,"name":"Comp 1_00005"},{"time":0.4002,"name":"Comp 1_00006"},{"time":0.4669,"name":"Comp 1_00007"},{"time":0.5336,"name":"Comp 1_00008"},{"time":0.6003,"name":"Comp 1_00009"},{"time":0.667,"name":"Comp 1_00010"},{"time":0.7337,"name":"Comp 1_00011"},{"time":0.8004,"name":"Comp 1_00012"},{"time":0.8671,"name":"Comp 1_00013"},{"time":0.9338,"name":"Comp 1_00014"},{"time":1.0005,"name":"Comp 1_00015"},{"time":1.0672,"name":"Comp 1_00016"},{"time":1.1339,"name":"Comp 1_00017"},{"time":1.2006,"name":"Comp 1_00018"},{"time":1.2673,"name":"Comp 1_00019"},{"time":1.334,"name":"Comp 1_00020"},{"time":1.4007,"name":"Comp 1_00021"},{"time":1.4674,"name":"Comp 1_00022"},{"time":1.5341,"name":"Comp 1_00023"},{"time":1.6008,"name":"Comp 1_00024"},{"time":1.6675,"name":"Comp 1_00025"},{"time":1.7342,"name":"Comp 1_00026"},{"time":1.8009,"name":"Comp 1_00027"},{"time":1.8676,"name":"Comp 1_00028"}]}}}}}